X [m],Y [m],Z [m],Volume [m^3],Pressure [Pa]
0.015,0.00837568839,2.7755575599999998e-17,5.57932926e-21,32.981752
0.015,0.0251247884,2.7755575599999998e-17,5.5778126400000004e-21,32.981752
0.015,0.0418716123,2.7755575599999998e-17,5.57781305e-21,32.981752
0.015,0.0586184369,2.7755575599999998e-17,5.57781305e-21,32.981752
0.015,0.0751977476,2.7755575599999998e-17,5.46622647e-21,32.9820574
0.015,0.0916095902,2.7755575599999998e-17,5.4662568e-21,32.9820574
0.015,0.108021478,2.7755575599999998e-17,5.46625679e-21,32.9820574
0.015,0.124433366,2.7755575599999998e-17,5.46625679e-21,32.9820574
0.015,0.131223219,0.0155532053,2.02066301e-07,2553.94454
0.015,0.128935156,0.0326315378,8.79926393e-07,3489.66297
0.015,0.126225596,0.0528559704,1.57771078e-06,2875.03711
0.015,0.114699685,0.0776365379,2.3518434e-07,2934.0547
0.015,0.124476488,0.0729717095,2.04031079e-06,2930.59085
0.015,0.112364177,0.095069007,9.21793483e-07,2877.28027
0.015,0.124433366,0.0937547959,2.051486e-06,2882.06228
0.015,0.109648899,0.115336121,1.61957784e-06,2846.5413
0.015,0.124433366,0.114588129,2.051486e-06,2816.34223
0.015,0.0981761519,0.139719871,2.7081443e-07,2820.76797
0.015,0.0957924707,0.15751191,9.63660544e-07,2938.60057
0.015,0.108040745,0.135444604,2.04654776e-06,2830.24752
0.015,0.124433366,0.135421463,2.051486e-06,2772.72307
0.015,0.108021478,0.156254796,2.051486e-06,2815.5077
0.015,0.124433366,0.156254796,2.051486e-06,2708.73313
0.015,0.140659274,0.0105079722,1.96645448e-06,2535.33992
0.015,0.159765575,0.0104190652,2.81029359e-06,2739.78844
0.015,0.140583149,0.0312547965,1.9859597e-06,3296.83863
0.015,0.159765575,0.0312547965,2.80964649e-06,3193.86958
0.015,0.186902599,0.0104190652,3.97552454e-06,2928.48055
0.015,0.225291437,0.0104190652,5.62389485e-06,3023.86733
0.015,0.186902599,0.0312547965,3.97460914e-06,3092.99389
0.015,0.225291437,0.0312547965,5.6225999e-06,3056.09073
0.015,0.140583149,0.0520881293,1.98595981e-06,2877.54845
0.015,0.159765575,0.0520881293,2.80964664e-06,2895.83079
0.015,0.140583149,0.0729214626,1.98595981e-06,2934.72865
0.015,0.159765575,0.0729214626,2.80964664e-06,2918.25457
0.015,0.186902599,0.0520881293,3.97460935e-06,2906.57498
0.015,0.225291437,0.0520881293,5.62260019e-06,2923.37009
0.015,0.186902599,0.0729214626,3.97460935e-06,2879.20316
0.015,0.225291437,0.0729214626,5.62260019e-06,2870.75164
0.015,0.27958878,0.0104190652,7.95356634e-06,3029.62791
0.015,0.27958878,0.0312547965,7.95173496e-06,2967.8036
0.015,0.27958878,0.0520881293,7.95173538e-06,2885.73754
0.015,0.27958878,0.0729214626,7.95173538e-06,2818.43022
0.015,0.140583149,0.0937547959,1.98595981e-06,2879.20729
0.015,0.159765575,0.0937547959,2.80964664e-06,2829.69256
0.015,0.140583149,0.114588129,1.98595981e-06,2787.09898
0.015,0.159765575,0.114588129,2.80964664e-06,2754.25204
0.015,0.186902599,0.0937547959,3.97460935e-06,2794.21571
0.015,0.225291437,0.0937547959,5.62260019e-06,2785.85511
0.015,0.186902599,0.114588129,3.97460935e-06,2728.12992
0.015,0.225291437,0.114588129,5.62260019e-06,2717.6061
0.015,0.140583149,0.135421463,1.98595981e-06,2734.81285
0.015,0.159765575,0.135421463,2.80964664e-06,2700.64009
0.015,0.140583149,0.156254796,1.98595981e-06,2661.04132
0.015,0.159765575,0.156254796,2.80964664e-06,2628.05398
0.015,0.186902599,0.135421463,3.97460935e-06,2667.89354
0.015,0.225291437,0.135421463,5.62260019e-06,2649.20784
0.015,0.186902599,0.156254796,3.97460935e-06,2603.73475
0.015,0.225291437,0.156254796,5.62260019e-06,2590.61084
0.015,0.27958878,0.0937547959,7.95173538e-06,2734.65593
0.015,0.27958878,0.114588129,7.95173538e-06,2650.78866
0.015,0.27958878,0.135421463,7.95173538e-06,2546.31345
0.015,0.27958878,0.156254796,7.95173538e-06,2428.40385
0.015,0.0669899038,0.249997536,3.81340636e-13,2564.37751
0.015,0.0930720679,0.177817272,1.6614449e-06,2934.38929
0.015,0.0816526183,0.201803205,3.08956541e-07,2603.58942
0.015,0.0916143813,0.197927385,2.05027271e-06,2601.23863
0.015,0.108021478,0.177088129,2.051486e-06,2717.23731
0.015,0.124433366,0.177088129,2.051486e-06,2642.6658
0.015,0.108021478,0.197921463,2.051486e-06,2582.83483
0.015,0.124433366,0.197921463,2.051486e-06,2575.07813
0.015,0.0792201269,0.219959568,1.0055276e-06,2558.94442
0.015,0.0916095902,0.218754796,2.05148601e-06,2558.72484
0.015,0.0764951149,0.240299348,1.70331158e-06,2564.37751
0.015,0.0916095902,0.239588129,2.05148601e-06,2562.55244
0.015,0.108021478,0.218754796,2.051486e-06,2560.01068
0.015,0.124433366,0.218754796,2.051486e-06,2563.33754
0.015,0.108021478,0.239588129,2.051486e-06,2562.12405
0.015,0.124433366,0.239588129,2.051486e-06,2564.48096
0.015,0.065088175,0.264192232,3.6517005e-07,2575.71343
0.015,0.0625516851,0.283124851,1.09401177e-06,2581.55311
0.015,0.0501201927,0.313414773,1.57022661e-09,2486.69214
0.015,0.0597707433,0.303935967,1.82128327e-06,2566.55493
0.015,0.0482112322,0.327663449,4.12263242e-07,2581.37522
0.015,0.0586184369,0.324526611,2.13943197e-06,2581.50061
0.015,0.0751977476,0.260650807,2.0966421e-06,2571.46084
0.015,0.0916095902,0.260650807,2.09665374e-06,2567.86591
0.015,0.0751977476,0.281942777,2.0966317e-06,2574.68604
0.015,0.0916095902,0.281942777,2.09664333e-06,2572.02219
0.015,0.108021478,0.260650807,2.09665373e-06,2563.9386
0.015,0.124433366,0.260650807,2.09665373e-06,2564.17316
0.015,0.108021478,0.281942777,2.09664333e-06,2568.51604
0.015,0.124433366,0.281942777,2.09664333e-06,2564.33706
0.015,0.0751977476,0.303234694,2.0966317e-06,2579.73407
0.015,0.0916095902,0.303234694,2.09664334e-06,2577.58017
0.015,0.0751977476,0.324526611,2.0966317e-06,2583.55183
0.015,0.0916095902,0.324526611,2.09664334e-06,2581.12537
0.015,0.108021478,0.303234694,2.09664333e-06,2572.34065
0.015,0.124433366,0.303234694,2.09664333e-06,2563.57798
0.015,0.108021478,0.324526611,2.09664333e-06,2572.77896
0.015,0.124433366,0.324526611,2.09664333e-06,2551.42529
0.015,0.140583149,0.177088129,1.98595981e-06,2605.11259
0.015,0.159765575,0.177088129,2.80964664e-06,2589.49928
0.015,0.140583149,0.197921463,1.98595981e-06,2573.07443
0.015,0.159765575,0.197921463,2.80964664e-06,2572.86935
0.015,0.186902599,0.177088129,3.97460935e-06,2575.80512
0.015,0.225291437,0.177088129,5.62260019e-06,2552.59776
0.015,0.186902599,0.197921463,3.97460935e-06,2567.39105
0.015,0.225291437,0.197921463,5.62260019e-06,2522.71802
0.015,0.140583149,0.218754796,1.98595981e-06,2567.05156
0.015,0.159765575,0.218754796,2.80964664e-06,2571.4334
0.015,0.140583149,0.239588129,1.98595981e-06,2569.75696
0.015,0.159765575,0.239588129,2.80964664e-06,2573.24311
0.015,0.186902599,0.218754796,3.97460935e-06,2567.84167
0.015,0.225291437,0.218754796,5.62260019e-06,2486.6928
0.015,0.186902599,0.239588129,3.97460935e-06,2564.42641
0.015,0.225291437,0.239588129,5.62260019e-06,2396.61148
0.015,0.27958878,0.177088129,7.95173538e-06,2276.41414
0.015,0.27958878,0.197921463,7.95173538e-06,2088.87863
0.015,0.27958878,0.218754796,7.95173538e-06,1833.27121
0.015,0.27958878,0.239588129,7.95173538e-06,1584.78987
0.015,0.140583149,0.260650807,2.02968484e-06,2565.85606
0.015,0.159765575,0.260650807,2.87150685e-06,2568.64329
0.015,0.140583149,0.281942777,2.02967477e-06,2559.81901
0.015,0.159765575,0.281942777,2.87149261e-06,2553.49548
0.015,0.186902599,0.260650807,4.06211863e-06,2533.2491
0.015,0.225291437,0.260650807,5.74639342e-06,2174.81654
0.015,0.186902599,0.281942777,4.06209848e-06,2436.11918
0.015,0.225291437,0.281942777,5.74636492e-06,1785.82985
0.015,0.140583149,0.303234694,2.02967478e-06,2546.96568
0.015,0.159765575,0.303234694,2.87149261e-06,2499.60559
0.015,0.140583149,0.324526611,2.02967478e-06,2498.9194
0.015,0.159765575,0.324526611,2.87149261e-06,2316.88223
0.015,0.186902599,0.303234694,4.06209849e-06,2163.67107
0.015,0.225291437,0.303234694,5.74636492e-06,1455.43415
0.015,0.186902599,0.324526611,4.06209849e-06,1691.06587
0.015,0.225291437,0.324526611,5.74636492e-06,1268.98615
0.015,0.27958878,0.260650807,8.12680936e-06,1375.97444
0.015,0.27958878,0.281942777,8.12676905e-06,1252.592
0.015,0.27958878,0.303234694,8.12676906e-06,1201.75708
0.015,0.27958878,0.324526611,8.12676906e-06,1180.97315
0.015,0.0332504911,0.37683194,6.18293623e-09,2562.28235
0.015,0.0456270807,0.346951818,1.14110497e-06,2586.06761
0.015,0.0586184369,0.345818527,2.13943197e-06,2583.90032
0.015,0.0428654755,0.36777206,1.86376375e-06,2587.0998
0.015,0.0586184369,0.367110444,2.13943197e-06,2582.77472
0.015,0.0313231767,0.391217611,4.59356439e-07,2594.72874
0.015,0.0287019583,0.410782651,1.18819816e-06,2601.85542
0.015,0.0418716123,0.388402361,2.13943197e-06,2592.47689
0.015,0.0586184369,0.388402361,2.13943197e-06,2574.63812
0.015,0.0418716123,0.409694278,2.13943197e-06,2579.82457
0.015,0.0586184369,0.409694278,2.13943197e-06,2503.62428
0.015,0.0751977476,0.345818527,2.0966317e-06,2581.70814
0.015,0.0916095902,0.345818527,2.09664334e-06,2572.87821
0.015,0.0751977476,0.367110444,2.0966317e-06,2570.46064
0.015,0.0916095902,0.367110444,2.09664334e-06,2542.41615
0.015,0.108021478,0.345818527,2.09664333e-06,2550.09878
0.015,0.124433366,0.345818527,2.09664333e-06,2483.89174
0.015,0.108021478,0.367110444,2.09664333e-06,2454.17345
0.015,0.124433366,0.367110444,2.09664333e-06,2218.44461
0.015,0.0751977476,0.388402361,2.0966317e-06,2523.85339
0.015,0.0916095902,0.388402361,2.09664334e-06,2411.0305
0.015,0.0751977476,0.409694278,2.0966317e-06,2342.04851
0.015,0.0916095902,0.409694278,2.09664334e-06,1967.19756
0.015,0.108021478,0.388402361,2.09664333e-06,2105.43596
0.015,0.124433366,0.388402361,2.09664333e-06,1666.35116
0.015,0.108021478,0.409694278,2.09664333e-06,1528.42024
0.015,0.124433366,0.409694278,2.09664333e-06,1295.19166
0.015,0.0163807903,0.440249106,1.38385447e-08,2572.11849
0.015,0.0259740707,0.431598331,1.90320134e-06,2568.19708
0.015,0.0144271093,0.454831579,5.06449794e-07,2630.56183
0.015,0.0251247884,0.452278112,2.13943182e-06,2492.36579
0.015,0.0418716123,0.430986195,2.13943197e-06,2487.35256
0.015,0.0586184369,0.430986195,2.13943197e-06,2251.14715
0.015,0.0418716123,0.452278112,2.13943197e-06,2157.72328
0.015,0.0586184369,0.452278112,2.13943197e-06,1654.7539
0.015,0.0117763777,0.47461691,1.23529152e-06,2645.15076
0.015,0.0251247884,0.473570029,2.13943182e-06,2004.46867
0.015,0.00909487535,0.495417874,1.93974691e-06,1651.1088
0.015,0.0251247884,0.494861945,2.13943182e-06,1344.85353
0.015,0.0418716123,0.473570029,2.13943197e-06,1477.71651
0.015,0.0586184369,0.473570029,2.13943197e-06,1263.65421
0.015,0.0418716123,0.494861945,2.13943197e-06,1214.19456
0.015,0.0586184369,0.494861945,2.13943197e-06,1181.95932
0.015,0.0751977476,0.430986195,2.0966317e-06,1816.38959
0.015,0.0916095902,0.430986195,2.09664334e-06,1414.45517
0.015,0.0751977476,0.452278112,2.0966317e-06,1335.57107
0.015,0.0916095902,0.452278112,2.09664334e-06,1220.73378
0.015,0.108021478,0.430986195,2.09664333e-06,1250.59991
0.015,0.124433366,0.430986195,2.09664333e-06,1195.56275
0.015,0.108021478,0.452278112,2.09664333e-06,1185.74565
0.015,0.124433366,0.452278112,2.09664333e-06,1175.80114
0.015,0.0751977476,0.473570029,2.0966317e-06,1197.03146
0.015,0.0916095902,0.473570029,2.09664334e-06,1178.64189
0.015,0.0751977476,0.494861945,2.0966317e-06,1174.34793
0.015,0.0916095902,0.494861945,2.09664334e-06,1172.55662
0.015,0.108021478,0.473570029,2.09664333e-06,1173.73175
0.015,0.124433366,0.473570029,2.09664333e-06,1172.4486
0.015,0.108021478,0.494861945,2.09664333e-06,1172.13203
0.015,0.124433366,0.494861945,2.09664333e-06,1172.03157
0.015,0.140583149,0.345818527,2.02967478e-06,2313.08538
0.015,0.159765575,0.345818527,2.87149261e-06,1835.70295
0.015,0.140583149,0.367110444,2.02967478e-06,1809.22933
0.015,0.159765575,0.367110444,2.87149261e-06,1385.97757
0.015,0.186902599,0.345818527,4.06209849e-06,1344.35011
0.015,0.225291437,0.345818527,5.74636492e-06,1198.86927
0.015,0.186902599,0.367110444,4.06209849e-06,1216.65285
0.015,0.225291437,0.367110444,5.74636492e-06,1178.31682
0.015,0.140583149,0.388402361,2.02967478e-06,1353.46733
0.015,0.159765575,0.388402361,2.87149261e-06,1221.61767
0.015,0.140583149,0.409694278,2.02967478e-06,1209.95497
0.015,0.159765575,0.409694278,2.87149261e-06,1181.54628
0.015,0.186902599,0.388402361,4.06209849e-06,1181.38482
0.015,0.225291437,0.388402361,5.74636492e-06,1173.26882
0.015,0.186902599,0.409694278,4.06209849e-06,1173.72926
0.015,0.225291437,0.409694278,5.74636492e-06,1172.2262
0.015,0.27958878,0.345818527,8.12676906e-06,1174.3184
0.015,0.27958878,0.367110444,8.12676906e-06,1172.51835
0.015,0.27958878,0.388402361,8.12676906e-06,1172.10079
0.015,0.27958878,0.409694278,8.12676906e-06,1172.01759
0.015,0.140583149,0.430986195,2.02967478e-06,1178.76825
0.015,0.159765575,0.430986195,2.87149261e-06,1173.62501
0.015,0.140583149,0.452278112,2.02967478e-06,1173.02803
0.015,0.159765575,0.452278112,2.87149261e-06,1172.23414
0.015,0.186902599,0.430986195,4.06209849e-06,1172.28285
0.015,0.225291437,0.430986195,5.74636492e-06,1172.03577
0.015,0.186902599,0.452278112,4.06209849e-06,1172.03888
0.015,0.225291437,0.452278112,5.74636492e-06,1172.00488
0.015,0.140583149,0.473570029,2.02967478e-06,1172.11449
0.015,0.159765575,0.473570029,2.87149261e-06,1172.02481
0.015,0.140583149,0.494861945,2.02967478e-06,1172.00765
0.015,0.159765575,0.494861945,2.87149261e-06,1172.00175
0.015,0.186902599,0.473570029,4.06209849e-06,1172.0041
0.015,0.225291437,0.473570029,5.74636492e-06,1172.0007
0.015,0.186902599,0.494861945,4.06209849e-06,1172.00049
0.015,0.225291437,0.494861945,5.74636492e-06,1172.00029
0.015,0.27958878,0.430986195,8.12676906e-06,1172.00287
0.015,0.27958878,0.452278112,8.12676906e-06,1172.00057
0.015,0.27958878,0.473570029,8.12676906e-06,1172.00027
0.015,0.27958878,0.494861945,8.12676906e-06,1172.00024
0.015,0.00837568839,0.516153862,2.14001353e-06,1172.02204
0.015,0.0251247884,0.516153862,2.13943182e-06,1172.01657
0.015,0.00837568839,0.537276946,2.10607528e-06,1172.0002
0.015,0.0251247884,0.537276946,2.10550279e-06,1172.00021
0.015,0.0418716123,0.516153862,2.13943197e-06,1172.00725
0.015,0.0586184369,0.516153862,2.13943197e-06,1172.00258
0.015,0.0418716123,0.537276946,2.10550295e-06,1172.00022
0.015,0.0586184369,0.537276946,2.10550295e-06,1172.00023
0.015,0.00837568839,0.561436535,2.75040126e-06,1172.00018
0.015,0.0251247884,0.561436535,2.74965363e-06,1172.0002
0.015,0.00837568839,0.592986402,3.59164322e-06,1172.00017
0.015,0.0251247884,0.592986402,3.59066691e-06,1172.00019
0.015,0.0418716123,0.561436535,2.74965383e-06,1172.00021
0.015,0.0586184369,0.561436535,2.74965383e-06,1172.00023
0.015,0.0418716123,0.592986402,3.59066717e-06,1172.0002
0.015,0.0586184369,0.592986402,3.59066717e-06,1172.00021
0.015,0.0751977476,0.516153862,2.0966317e-06,1172.00096
0.015,0.0916095902,0.516153862,2.09664334e-06,1172.00046
0.015,0.0751977476,0.537276946,2.06338144e-06,1172.00024
0.015,0.0916095902,0.537276946,2.06339289e-06,1172.00025
0.015,0.108021478,0.516153862,2.09664333e-06,1172.00032
0.015,0.124433366,0.516153862,2.09664333e-06,1172.00029
0.015,0.108021478,0.537276946,2.06339289e-06,1172.00026
0.015,0.124433366,0.537276946,2.06339289e-06,1172.00027
0.015,0.0751977476,0.561436535,2.6946458e-06,1172.00024
0.015,0.0916095902,0.561436535,2.69466076e-06,1172.00025
0.015,0.0751977476,0.592986402,3.51883431e-06,1172.00023
0.015,0.0916095902,0.592986402,3.51885383e-06,1172.00024
0.015,0.108021478,0.561436535,2.69466075e-06,1172.00026
0.015,0.124433366,0.561436535,2.69466075e-06,1172.00027
0.015,0.108021478,0.592986402,3.51885383e-06,1172.00025
0.015,0.124433366,0.592986402,3.51885383e-06,1172.00026
0.015,0.00837568839,0.63418616,4.69018877e-06,1172.00015
0.015,0.0251247884,0.63418616,4.68891385e-06,1172.00017
0.015,0.00837568839,0.687987339,6.12473718e-06,1172.00012
0.015,0.0251247884,0.687987339,6.1230723e-06,1172.00014
0.015,0.0418716123,0.63418616,4.68891419e-06,1172.00018
0.015,0.0586184369,0.63418616,4.68891419e-06,1172.0002
0.015,0.0418716123,0.687987339,6.12307275e-06,1172.00016
0.015,0.0586184369,0.687987339,6.12307275e-06,1172.00017
0.015,0.00837568839,0.758244231,7.99805878e-06,1172.00009
0.015,0.0251247884,0.758244231,7.99588468e-06,1172.00011
0.015,0.00837568839,0.849978043,1.04419531e-05,1172.00004
0.015,0.0251247884,0.849978043,1.04391147e-05,1172.00006
0.015,0.0418716123,0.758244231,7.99588527e-06,1172.00012
0.015,0.0586184369,0.758244231,7.99588527e-06,1172.00014
0.015,0.0418716123,0.849978043,1.04391154e-05,1172.00007
0.015,0.0586184369,0.849978043,1.04391154e-05,1172.00007
0.015,0.0751977476,0.63418616,4.59511042e-06,1172.00021
0.015,0.0916095902,0.63418616,4.59513592e-06,1172.00023
0.015,0.0751977476,0.687987339,6.00057801e-06,1172.00019
0.015,0.0916095902,0.687987339,6.00061131e-06,1172.0002
0.015,0.108021478,0.63418616,4.59513591e-06,1172.00024
0.015,0.124433366,0.63418616,4.59513591e-06,1172.00025
0.015,0.108021478,0.687987339,6.0006113e-06,1172.00021
0.015,0.124433366,0.687987339,6.0006113e-06,1172.00022
0.015,0.0751977476,0.758244231,7.83592409e-06,1172.00015
0.015,0.0916095902,0.758244231,7.83596758e-06,1172.00015
0.015,0.0751977476,0.849978043,1.02302764e-05,1172.00008
0.015,0.0916095902,0.849978043,1.02303331e-05,1172.00008
0.015,0.108021478,0.758244231,7.83596756e-06,1172.00016
0.015,0.124433366,0.758244231,7.83596756e-06,1172.00016
0.015,0.108021478,0.849978043,1.02303331e-05,1172.00008
0.015,0.124433366,0.849978043,1.02303331e-05,1172.00008
0.015,0.140583149,0.516153862,2.02967478e-06,1172.00028
0.015,0.159765575,0.516153862,2.87149261e-06,1172.00028
0.015,0.140583149,0.537276946,1.99748638e-06,1172.00027
0.015,0.159765575,0.537276946,2.82595391e-06,1172.00028
0.015,0.186902599,0.516153862,4.06209849e-06,1172.00028
0.015,0.225291437,0.516153862,5.74636492e-06,1172.00026
0.015,0.186902599,0.537276946,3.9976781e-06,1172.00027
0.015,0.225291437,0.537276946,5.65523393e-06,1172.00026
0.015,0.140583149,0.561436535,2.60859101e-06,1172.00027
0.015,0.159765575,0.561436535,3.69051727e-06,1172.00027
0.015,0.140583149,0.592986402,3.40645867e-06,1172.00027
0.015,0.159765575,0.592986402,4.81930455e-06,1172.00027
0.015,0.186902599,0.561436535,5.22071503e-06,1172.00027
0.015,0.225291437,0.561436535,7.38537823e-06,1172.00025
0.015,0.186902599,0.592986402,6.81753095e-06,1172.00026
0.015,0.225291437,0.592986402,9.64428135e-06,1172.00025
0.015,0.27958878,0.516153862,8.12676906e-06,1172.00023
0.015,0.27958878,0.537276946,7.99788749e-06,1172.00023
0.015,0.27958878,0.561436535,1.04447358e-05,1172.00022
0.015,0.27958878,0.592986402,1.36393787e-05,1172.0002
0.015,0.140583149,0.63418616,4.44836339e-06,1172.00025
0.015,0.159765575,0.63418616,6.29334451e-06,1172.00025
0.015,0.140583149,0.687987339,5.80894671e-06,1172.00022
0.015,0.159765575,0.687987339,8.21823661e-06,1172.00022
0.015,0.186902599,0.63418616,8.90275152e-06,1172.00025
0.015,0.225291437,0.63418616,1.25940962e-05,1172.00023
0.015,0.186902599,0.687987339,1.16257609e-05,1172.00022
0.015,0.225291437,0.687987339,1.6446146e-05,1172.0002
0.015,0.140583149,0.758244231,7.58568014e-06,1172.00017
0.015,0.159765575,0.758244231,1.07318792e-05,1172.00017
0.015,0.140583149,0.849978043,9.90356764e-06,1172.00008
0.015,0.159765575,0.849978043,1.40111222e-05,1172.00008
0.015,0.186902599,0.758244231,1.51816341e-05,1172.00016
0.015,0.225291437,0.758244231,2.14763896e-05,1172.00015
0.015,0.186902599,0.849978043,1.98205484e-05,1172.00008
0.015,0.225291437,0.849978043,2.80387353e-05,1172.00007
0.015,0.27958878,0.63418616,1.78111402e-05,1172.00019
0.015,0.27958878,0.687987339,2.32588831e-05,1172.00016
0.015,0.27958878,0.758244231,3.03728811e-05,1172.00012
0.015,0.27958878,0.849978043,3.9653647e-05,1172.00006
0.015,0.00837568839,5.5511151199999996e-17,0.000100508261,32.9816861
0.012,0.00837568839,2.7755575599999998e-17,9.2988821e-19,32.981752
0.018,0.00837568839,2.7755575599999998e-17,9.2988821e-19,32.981752
0.015,0.0,2.7755575599999998e-17,3.33066907e-19,32.981752
0.015,0.00837568839,0.0,0.000100508261,32.981752
0.015,0.0251247884,5.5511151199999996e-17,0.00010048094,32.9816861
0.012,0.0251247884,2.7755575599999998e-17,9.2963544e-19,32.981752
0.018,0.0251247884,2.7755575599999998e-17,9.2963544e-19,32.981752
0.015,0.0251247884,0.0,0.00010048094,32.981752
0.015,0.0418716123,5.5511151199999996e-17,0.000100480947,32.9816861
0.012,0.0418716123,2.7755575599999998e-17,9.29635509e-19,32.981752
0.018,0.0418716123,2.7755575599999998e-17,9.29635509e-19,32.981752
0.015,0.0418716123,0.0,0.000100480947,32.981752
0.015,0.0586184369,5.5511151199999996e-17,0.000100480947,32.9816861
0.012,0.0586184369,2.7755575599999998e-17,9.29635509e-19,32.981752
0.018,0.0586184369,2.7755575599999998e-17,9.29635509e-19,32.981752
0.015,0.0586184369,0.0,0.000100480947,32.981752
0.015,0.0751977476,5.5511151199999996e-17,9.84707819e-05,32.9820553
0.012,0.0751977476,2.7755575599999998e-17,9.11037745e-19,32.9820574
0.018,0.0751977476,2.7755575599999998e-17,9.11037745e-19,32.9820574
0.015,0.0751977476,0.0,9.84707819e-05,32.9820574
0.015,0.0916095902,5.5511151199999996e-17,9.84713284e-05,32.9820553
0.012,0.0916095902,2.7755575599999998e-17,9.110428e-19,32.9820574
0.018,0.0916095902,2.7755575599999998e-17,9.110428e-19,32.9820574
0.015,0.0916095902,0.0,9.84713284e-05,32.9820574
0.015,0.108021478,5.5511151199999996e-17,9.84713282e-05,32.9820553
0.012,0.108021478,2.7755575599999998e-17,9.11042799e-19,32.9820574
0.018,0.108021478,2.7755575599999998e-17,9.11042799e-19,32.9820574
0.015,0.108021478,0.0,9.84713282e-05,32.9820574
0.015,0.124433366,5.5511151199999996e-17,9.84713282e-05,32.9820553
0.012,0.124433366,2.7755575599999998e-17,9.11042799e-19,32.9820574
0.018,0.124433366,2.7755575599999998e-17,9.11042799e-19,32.9820574
0.015,0.124433366,0.0,9.84713282e-05,32.9820574
0.015,0.130515173,0.0129107427,9.84844275e-05,2552.44888
0.012,0.131223219,0.0155532053,3.36777169e-05,2553.94454
0.018,0.131223219,0.0155532053,3.36777169e-05,2553.94454
0.015,0.125599899,0.0312547965,0.000129409516,3490.27717
0.012,0.128935156,0.0326315378,0.000146654399,3489.66297
0.018,0.128935156,0.0326315378,0.000146654399,3489.66297
0.015,0.120017624,0.0520881293,0.000129409523,2877.83185
0.012,0.126225596,0.0528559704,0.000262951796,2875.03711
0.018,0.126225596,0.0528559704,0.000262951796,2875.03711
0.015,0.113935817,0.0747857422,0.000106248992,2935.50673
0.012,0.114699685,0.0776365379,3.91973899e-05,2934.0547
0.018,0.114699685,0.0776365379,3.91973899e-05,2934.0547
0.015,0.116726954,0.0643690755,2.31605305e-05,2935.96468
0.012,0.124476488,0.0729717095,0.000340051799,2930.59085
0.015,0.108853074,0.0937547959,0.000129409523,2897.80409
0.012,0.112364177,0.095069007,0.000153632247,2877.28027
0.018,0.112364177,0.095069007,0.000153632247,2877.28027
0.012,0.124433366,0.0937547959,0.000341914334,2882.06228
0.018,0.124433366,0.0937547959,0.000341914334,2882.06228
0.015,0.1032708,0.114588129,0.000129409523,2844.32556
0.012,0.109648899,0.115336121,0.00026992964,2846.5413
0.018,0.109648899,0.115336121,0.00026992964,2846.5413
0.012,0.124433366,0.114588129,0.000341914334,2816.34223
0.018,0.124433366,0.114588129,0.000341914334,2816.34223
0.015,0.0973564607,0.136660742,0.000114013563,2811.441
0.012,0.0981761519,0.139719871,4.51357383e-05,2820.76797
0.018,0.0981761519,0.139719871,4.51357383e-05,2820.76797
0.015,0.0921062498,0.156254796,0.000129409523,2953.69402
0.012,0.0957924707,0.15751191,0.000160610091,2938.60057
0.018,0.0957924707,0.15751191,0.000160610091,2938.60057
0.015,0.100147598,0.126244075,1.53959592e-05,2821.61387
0.012,0.108040745,0.135444604,0.000341091294,2830.24752
0.012,0.124433366,0.135421463,0.000341914334,2772.72307
0.018,0.124433366,0.135421463,0.000341914334,2772.72307
0.012,0.108021478,0.156254796,0.000341914334,2815.5077
0.018,0.108021478,0.156254796,0.000341914334,2815.5077
0.012,0.124433366,0.156254796,0.000341914334,2708.73313
0.018,0.124433366,0.156254796,0.000341914334,2708.73313
0.015,0.133306953,5.5511151199999996e-17,8.01171576e-06,2536.29968
0.015,0.133306953,0.00249167752,3.09548927e-05,2536.29968
0.012,0.140659274,0.0105079722,0.000327742414,2535.33992
0.015,0.140583149,0.0,9.53260708e-05,2535.33992
0.012,0.159765575,0.0104190652,0.000468382264,2739.78844
0.018,0.159765575,0.0104190652,0.000468382264,2739.78844
0.015,0.159765575,0.0,0.000134863039,2739.78844
0.012,0.140583149,0.0312547965,0.000330993284,3296.83863
0.018,0.140583149,0.0312547965,0.000330993284,3296.83863
0.012,0.159765575,0.0312547965,0.000468274415,3193.86958
0.018,0.159765575,0.0312547965,0.000468274415,3193.86958
0.012,0.186902599,0.0104190652,0.000662587423,2928.48055
0.018,0.186902599,0.0104190652,0.000662587423,2928.48055
0.015,0.186902599,0.0,0.000190781249,2928.48055
0.012,0.225291437,0.0104190652,0.000937315808,3023.86733
0.018,0.225291437,0.0104190652,0.000937315808,3023.86733
0.015,0.225291437,0.0,0.000269884809,3023.86733
0.012,0.186902599,0.0312547965,0.000662434856,3092.99389
0.018,0.186902599,0.0312547965,0.000662434856,3092.99389
0.012,0.225291437,0.0312547965,0.000937099983,3056.09073
0.018,0.225291437,0.0312547965,0.000937099983,3056.09073
0.012,0.140583149,0.0520881293,0.000330993302,2877.54845
0.018,0.140583149,0.0520881293,0.000330993302,2877.54845
0.012,0.159765575,0.0520881293,0.00046827444,2895.83079
0.018,0.159765575,0.0520881293,0.00046827444,2895.83079
0.012,0.140583149,0.0729214626,0.000330993302,2934.72865
0.018,0.140583149,0.0729214626,0.000330993302,2934.72865
0.012,0.159765575,0.0729214626,0.00046827444,2918.25457
0.018,0.159765575,0.0729214626,0.00046827444,2918.25457
0.012,0.186902599,0.0520881293,0.000662434892,2906.57498
0.018,0.186902599,0.0520881293,0.000662434892,2906.57498
0.012,0.225291437,0.0520881293,0.000937100032,2923.37009
0.018,0.225291437,0.0520881293,0.000937100032,2923.37009
0.012,0.186902599,0.0729214626,0.000662434892,2879.20316
0.018,0.186902599,0.0729214626,0.000662434892,2879.20316
0.012,0.225291437,0.0729214626,0.000937100032,2870.75164
0.018,0.225291437,0.0729214626,0.000937100032,2870.75164
0.012,0.27958878,0.0104190652,0.00132559439,3029.62791
0.018,0.27958878,0.0104190652,0.00132559439,3029.62791
0.015,0.311395721,0.0104190652,0.000125028782,3029.62791
0.015,0.27958878,0.0,0.000381683298,3029.62791
0.012,0.27958878,0.0312547965,0.00132528916,2967.8036
0.018,0.27958878,0.0312547965,0.00132528916,2967.8036
0.015,0.311395721,0.0312547965,0.000124999993,2967.8036
0.012,0.27958878,0.0520881293,0.00132528923,2885.73754
0.018,0.27958878,0.0520881293,0.00132528923,2885.73754
0.015,0.311395721,0.0520881293,0.000125,2885.73754
0.012,0.27958878,0.0729214626,0.00132528923,2818.43022
0.018,0.27958878,0.0729214626,0.00132528923,2818.43022
0.015,0.311395721,0.0729214626,0.000125,2818.43022
0.012,0.140583149,0.0937547959,0.000330993302,2879.20729
0.018,0.140583149,0.0937547959,0.000330993302,2879.20729
0.012,0.159765575,0.0937547959,0.00046827444,2829.69256
0.018,0.159765575,0.0937547959,0.00046827444,2829.69256
0.012,0.140583149,0.114588129,0.000330993302,2787.09898
0.018,0.140583149,0.114588129,0.000330993302,2787.09898
0.012,0.159765575,0.114588129,0.00046827444,2754.25204
0.018,0.159765575,0.114588129,0.00046827444,2754.25204
0.012,0.186902599,0.0937547959,0.000662434892,2794.21571
0.018,0.186902599,0.0937547959,0.000662434892,2794.21571
0.012,0.225291437,0.0937547959,0.000937100032,2785.85511
0.018,0.225291437,0.0937547959,0.000937100032,2785.85511
0.012,0.186902599,0.114588129,0.000662434892,2728.12992
0.018,0.186902599,0.114588129,0.000662434892,2728.12992
0.012,0.225291437,0.114588129,0.000937100032,2717.6061
0.018,0.225291437,0.114588129,0.000937100032,2717.6061
0.012,0.140583149,0.135421463,0.000330993302,2734.81285
0.018,0.140583149,0.135421463,0.000330993302,2734.81285
0.012,0.159765575,0.135421463,0.00046827444,2700.64009
0.018,0.159765575,0.135421463,0.00046827444,2700.64009
0.012,0.140583149,0.156254796,0.000330993302,2661.04132
0.018,0.140583149,0.156254796,0.000330993302,2661.04132
0.012,0.159765575,0.156254796,0.00046827444,2628.05398
0.018,0.159765575,0.156254796,0.00046827444,2628.05398
0.012,0.186902599,0.135421463,0.000662434892,2667.89354
0.018,0.186902599,0.135421463,0.000662434892,2667.89354
0.012,0.225291437,0.135421463,0.000937100032,2649.20784
0.018,0.225291437,0.135421463,0.000937100032,2649.20784
0.012,0.186902599,0.156254796,0.000662434892,2603.73475
0.018,0.186902599,0.156254796,0.000662434892,2603.73475
0.012,0.225291437,0.156254796,0.000937100032,2590.61084
0.018,0.225291437,0.156254796,0.000937100032,2590.61084
0.012,0.27958878,0.0937547959,0.00132528923,2734.65593
0.018,0.27958878,0.0937547959,0.00132528923,2734.65593
0.015,0.311395721,0.0937547959,0.000125,2734.65593
0.012,0.27958878,0.114588129,0.00132528923,2650.78866
0.018,0.27958878,0.114588129,0.00132528923,2650.78866
0.015,0.311395721,0.114588129,0.000125,2650.78866
0.012,0.27958878,0.135421463,0.00132528923,2546.31345
0.018,0.27958878,0.135421463,0.00132528923,2546.31345
0.015,0.311395721,0.135421463,0.000125,2546.31345
0.012,0.27958878,0.156254796,0.00132528923,2428.40385
0.018,0.27958878,0.156254796,0.00132528923,2428.40385
0.015,0.311395721,0.156254796,0.000125,2428.40385
0.015,0.0669889311,0.249993906,1.35293572e-07,2564.40349
0.012,0.0669899038,0.249997536,6.35567726e-11,2564.37751
0.018,0.0669899038,0.249997536,6.35567726e-11,2564.37751
0.015,0.086523975,0.177088129,0.000129409523,2916.05357
0.012,0.0930720679,0.177817272,0.000276907483,2934.38929
0.018,0.0930720679,0.177817272,0.000276907483,2934.38929
0.015,0.0807771044,0.198535742,0.000121778134,2604.68241
0.012,0.0816526183,0.201803205,5.14927568e-05,2603.58942
0.018,0.0816526183,0.201803205,5.14927568e-05,2603.58942
0.015,0.0835682418,0.188119076,7.63138841e-06,2600.99501
0.012,0.0916143813,0.197927385,0.000341712119,2601.23863
0.018,0.0916143813,0.197927385,0.000341712119,2601.23863
0.012,0.108021478,0.177088129,0.000341914334,2717.23731
0.018,0.108021478,0.177088129,0.000341914334,2717.23731
0.012,0.124433366,0.177088129,0.000341914334,2642.6658
0.018,0.124433366,0.177088129,0.000341914334,2642.6658
0.012,0.108021478,0.197921463,0.000341914334,2582.83483
0.018,0.108021478,0.197921463,0.000341914334,2582.83483
0.012,0.124433366,0.197921463,0.000341914334,2575.07813
0.018,0.124433366,0.197921463,0.000341914334,2575.07813
0.015,0.0753594253,0.218754796,0.000129409523,2558.94237
0.012,0.0792201269,0.219959568,0.000167587934,2558.94442
0.018,0.0792201269,0.219959568,0.000167587934,2558.94442
0.012,0.0916095902,0.218754796,0.000341914335,2558.72484
0.018,0.0916095902,0.218754796,0.000341914335,2558.72484
0.015,0.0697800685,0.239577239,0.000129274229,2564.40349
0.012,0.0764951149,0.240299348,0.000283885263,2564.37751
0.012,0.0916095902,0.239588129,0.000341914335,2562.55244
0.018,0.0916095902,0.239588129,0.000341914335,2562.55244
0.012,0.108021478,0.218754796,0.000341914334,2560.01068
0.018,0.108021478,0.218754796,0.000341914334,2560.01068
0.012,0.124433366,0.218754796,0.000341914334,2563.33754
0.018,0.124433366,0.218754796,0.000341914334,2563.33754
0.012,0.108021478,0.239588129,0.000341914334,2562.12405
0.018,0.108021478,0.239588129,0.000341914334,2562.12405
0.012,0.124433366,0.239588129,0.000341914334,2564.48096
0.018,0.124433366,0.239588129,0.000341914334,2564.48096
0.015,0.0641334229,0.260650807,0.000132258742,2575.71991
0.012,0.065088175,0.264192232,6.08616749e-05,2575.71343
0.015,0.0584282569,0.281942777,0.000132258086,2581.54842
0.012,0.0625516851,0.283124851,0.000182335295,2581.55311
0.018,0.0625516851,0.283124851,0.000182335295,2581.55311
0.015,0.0500577768,0.313181834,8.68164025e-06,2486.47307
0.012,0.0501201927,0.313414773,2.61704436e-07,2486.69214
0.018,0.0501201927,0.313414773,2.61704436e-07,2486.69214
0.015,0.0529103527,0.302535875,0.000123576446,2566.51366
0.012,0.0597707433,0.303935967,0.000303547211,2566.55493
0.015,0.047017953,0.324526611,0.000132258086,2581.37714
0.012,0.0482112322,0.327663449,6.87105403e-05,2581.37522
0.018,0.0482112322,0.327663449,6.87105403e-05,2581.37522
0.012,0.0586184369,0.324526611,0.000356571996,2581.50061
0.018,0.0586184369,0.324526611,0.000356571996,2581.50061
0.012,0.0751977476,0.260650807,0.00034944035,2571.46084
0.018,0.0751977476,0.260650807,0.00034944035,2571.46084
0.012,0.0916095902,0.260650807,0.000349442289,2567.86591
0.018,0.0916095902,0.260650807,0.000349442289,2567.86591
0.012,0.0751977476,0.281942777,0.000349438617,2574.68604
0.018,0.0751977476,0.281942777,0.000349438617,2574.68604
0.012,0.0916095902,0.281942777,0.000349440556,2572.02219
0.018,0.0916095902,0.281942777,0.000349440556,2572.02219
0.012,0.108021478,0.260650807,0.000349442289,2563.9386
0.018,0.108021478,0.260650807,0.000349442289,2563.9386
0.012,0.124433366,0.260650807,0.000349442289,2564.17316
0.018,0.124433366,0.260650807,0.000349442289,2564.17316
0.012,0.108021478,0.281942777,0.000349440555,2568.51604
0.018,0.108021478,0.281942777,0.000349440555,2568.51604
0.012,0.124433366,0.281942777,0.000349440555,2564.33706
0.018,0.124433366,0.281942777,0.000349440555,2564.33706
0.012,0.0751977476,0.303234694,0.000349438617,2579.73407
0.018,0.0751977476,0.303234694,0.000349438617,2579.73407
0.012,0.0916095902,0.303234694,0.000349440556,2577.58017
0.018,0.0916095902,0.303234694,0.000349440556,2577.58017
0.012,0.0751977476,0.324526611,0.000349438617,2583.55183
0.018,0.0751977476,0.324526611,0.000349438617,2583.55183
0.012,0.0916095902,0.324526611,0.000349440556,2581.12537
0.018,0.0916095902,0.324526611,0.000349440556,2581.12537
0.012,0.108021478,0.303234694,0.000349440556,2572.34065
0.018,0.108021478,0.303234694,0.000349440556,2572.34065
0.012,0.124433366,0.303234694,0.000349440556,2563.57798
0.018,0.124433366,0.303234694,0.000349440556,2563.57798
0.012,0.108021478,0.324526611,0.000349440556,2572.77896
0.018,0.108021478,0.324526611,0.000349440556,2572.77896
0.012,0.124433366,0.324526611,0.000349440556,2551.42529
0.018,0.124433366,0.324526611,0.000349440556,2551.42529
0.012,0.140583149,0.177088129,0.000330993302,2605.11259
0.018,0.140583149,0.177088129,0.000330993302,2605.11259
0.012,0.159765575,0.177088129,0.00046827444,2589.49928
0.018,0.159765575,0.177088129,0.00046827444,2589.49928
0.012,0.140583149,0.197921463,0.000330993302,2573.07443
0.018,0.140583149,0.197921463,0.000330993302,2573.07443
0.012,0.159765575,0.197921463,0.00046827444,2572.86935
0.018,0.159765575,0.197921463,0.00046827444,2572.86935
0.012,0.186902599,0.177088129,0.000662434892,2575.80512
0.018,0.186902599,0.177088129,0.000662434892,2575.80512
0.012,0.225291437,0.177088129,0.000937100032,2552.59776
0.018,0.225291437,0.177088129,0.000937100032,2552.59776
0.012,0.186902599,0.197921463,0.000662434892,2567.39105
0.018,0.186902599,0.197921463,0.000662434892,2567.39105
0.012,0.225291437,0.197921463,0.000937100032,2522.71802
0.018,0.225291437,0.197921463,0.000937100032,2522.71802
0.012,0.140583149,0.218754796,0.000330993302,2567.05156
0.018,0.140583149,0.218754796,0.000330993302,2567.05156
0.012,0.159765575,0.218754796,0.00046827444,2571.4334
0.018,0.159765575,0.218754796,0.00046827444,2571.4334
0.012,0.140583149,0.239588129,0.000330993302,2569.75696
0.018,0.140583149,0.239588129,0.000330993302,2569.75696
0.012,0.159765575,0.239588129,0.00046827444,2573.24311
0.018,0.159765575,0.239588129,0.00046827444,2573.24311
0.012,0.186902599,0.218754796,0.000662434892,2567.84167
0.018,0.186902599,0.218754796,0.000662434892,2567.84167
0.012,0.225291437,0.218754796,0.000937100032,2486.6928
0.018,0.225291437,0.218754796,0.000937100032,2486.6928
0.012,0.186902599,0.239588129,0.000662434892,2564.42641
0.018,0.186902599,0.239588129,0.000662434892,2564.42641
0.012,0.225291437,0.239588129,0.000937100032,2396.61148
0.018,0.225291437,0.239588129,0.000937100032,2396.61148
0.012,0.27958878,0.177088129,0.00132528923,2276.41414
0.018,0.27958878,0.177088129,0.00132528923,2276.41414
0.015,0.311395721,0.177088129,0.000125,2276.41414
0.012,0.27958878,0.197921463,0.00132528923,2088.87863
0.018,0.27958878,0.197921463,0.00132528923,2088.87863
0.015,0.311395721,0.197921463,0.000125,2088.87863
0.012,0.27958878,0.218754796,0.00132528923,1833.27121
0.018,0.27958878,0.218754796,0.00132528923,1833.27121
0.015,0.311395721,0.218754796,0.000125,1833.27121
0.012,0.27958878,0.239588129,0.00132528923,1584.78987
0.018,0.27958878,0.239588129,0.00132528923,1584.78987
0.015,0.311395721,0.239588129,0.000125,1584.78987
0.012,0.140583149,0.260650807,0.000338280807,2565.85606
0.018,0.140583149,0.260650807,0.000338280807,2565.85606
0.012,0.159765575,0.260650807,0.000478584475,2568.64329
0.018,0.159765575,0.260650807,0.000478584475,2568.64329
0.012,0.140583149,0.281942777,0.000338279129,2559.81901
0.018,0.140583149,0.281942777,0.000338279129,2559.81901
0.012,0.159765575,0.281942777,0.000478582101,2553.49548
0.018,0.159765575,0.281942777,0.000478582101,2553.49548
0.012,0.186902599,0.260650807,0.000677019772,2533.2491
0.018,0.186902599,0.260650807,0.000677019772,2533.2491
0.012,0.225291437,0.260650807,0.000957732237,2174.81654
0.018,0.225291437,0.260650807,0.000957732237,2174.81654
0.012,0.186902599,0.281942777,0.000677016414,2436.11918
0.018,0.186902599,0.281942777,0.000677016414,2436.11918
0.012,0.225291437,0.281942777,0.000957727486,1785.82985
0.018,0.225291437,0.281942777,0.000957727486,1785.82985
0.012,0.140583149,0.303234694,0.000338279129,2546.96568
0.018,0.140583149,0.303234694,0.000338279129,2546.96568
0.012,0.159765575,0.303234694,0.000478582102,2499.60559
0.018,0.159765575,0.303234694,0.000478582102,2499.60559
0.012,0.140583149,0.324526611,0.000338279129,2498.9194
0.018,0.140583149,0.324526611,0.000338279129,2498.9194
0.012,0.159765575,0.324526611,0.000478582102,2316.88223
0.018,0.159765575,0.324526611,0.000478582102,2316.88223
0.012,0.186902599,0.303234694,0.000677016415,2163.67107
0.018,0.186902599,0.303234694,0.000677016415,2163.67107
0.012,0.225291437,0.303234694,0.000957727487,1455.43415
0.018,0.225291437,0.303234694,0.000957727487,1455.43415
0.012,0.186902599,0.324526611,0.000677016415,1691.06587
0.018,0.186902599,0.324526611,0.000677016415,1691.06587
0.012,0.225291437,0.324526611,0.000957727487,1268.98615
0.018,0.225291437,0.324526611,0.000957727487,1268.98615
0.012,0.27958878,0.260650807,0.00135446823,1375.97444
0.018,0.27958878,0.260650807,0.00135446823,1375.97444
0.015,0.311395721,0.260650807,0.000127752135,1375.97444
0.012,0.27958878,0.281942777,0.00135446151,1252.592
0.018,0.27958878,0.281942777,0.00135446151,1252.592
0.015,0.311395721,0.281942777,0.000127751501,1252.592
0.012,0.27958878,0.303234694,0.00135446151,1201.75708
0.018,0.27958878,0.303234694,0.00135446151,1201.75708
0.015,0.311395721,0.303234694,0.000127751501,1201.75708
0.012,0.27958878,0.324526611,0.00135446151,1180.97315
0.018,0.27958878,0.324526611,0.00135446151,1180.97315
0.015,0.311395721,0.324526611,0.000127751501,1180.97315
0.015,0.0331266366,0.376369709,1.72273312e-05,2562.21375
0.012,0.0332504911,0.37683194,1.03048937e-06,2562.28235
0.018,0.0332504911,0.37683194,1.03048937e-06,2562.28235
0.015,0.0413128011,0.345818527,0.000132258086,2586.06248
0.012,0.0456270807,0.346951818,0.000190184161,2586.06761
0.018,0.0456270807,0.346951818,0.000190184161,2586.06761
0.012,0.0586184369,0.345818527,0.000356571996,2583.90032
0.018,0.0586184369,0.345818527,0.000356571996,2583.90032
0.015,0.0359792126,0.365723751,0.000115030755,2587.08043
0.012,0.0428654755,0.36777206,0.000310627292,2587.0998
0.018,0.0428654755,0.36777206,0.000310627292,2587.0998
0.012,0.0586184369,0.367110444,0.000356571996,2582.77472
0.018,0.0586184369,0.367110444,0.000356571996,2582.77472
0.015,0.0299024972,0.388402361,0.000132258086,2594.7339
0.012,0.0313231767,0.391217611,7.65594065e-05,2594.72874
0.015,0.0241973453,0.409694278,0.000132258086,2601.8531
0.012,0.0287019583,0.410782651,0.000198033027,2601.85542
0.018,0.0287019583,0.410782651,0.000198033027,2601.85542
0.012,0.0418716123,0.388402361,0.000356571996,2592.47689
0.018,0.0418716123,0.388402361,0.000356571996,2592.47689
0.012,0.0586184369,0.388402361,0.000356571996,2574.63812
0.018,0.0586184369,0.388402361,0.000356571996,2574.63812
0.012,0.0418716123,0.409694278,0.000356571996,2579.82457
0.018,0.0418716123,0.409694278,0.000356571996,2579.82457
0.012,0.0586184369,0.409694278,0.000356571996,2503.62428
0.018,0.0586184369,0.409694278,0.000356571996,2503.62428
0.012,0.0751977476,0.345818527,0.000349438617,2581.70814
0.018,0.0751977476,0.345818527,0.000349438617,2581.70814
0.012,0.0916095902,0.345818527,0.000349440556,2572.87821
0.018,0.0916095902,0.345818527,0.000349440556,2572.87821
0.012,0.0751977476,0.367110444,0.000349438617,2570.46064
0.018,0.0751977476,0.367110444,0.000349438617,2570.46064
0.012,0.0916095902,0.367110444,0.000349440556,2542.41615
0.018,0.0916095902,0.367110444,0.000349440556,2542.41615
0.012,0.108021478,0.345818527,0.000349440556,2550.09878
0.018,0.108021478,0.345818527,0.000349440556,2550.09878
0.012,0.124433366,0.345818527,0.000349440556,2483.89174
0.018,0.124433366,0.345818527,0.000349440556,2483.89174
0.012,0.108021478,0.367110444,0.000349440556,2454.17345
0.018,0.108021478,0.367110444,0.000349440556,2454.17345
0.012,0.124433366,0.367110444,0.000349440556,2218.44461
0.018,0.124433366,0.367110444,0.000349440556,2218.44461
0.012,0.0751977476,0.388402361,0.000349438617,2523.85339
0.018,0.0751977476,0.388402361,0.000349438617,2523.85339
0.012,0.0916095902,0.388402361,0.000349440556,2411.0305
0.018,0.0916095902,0.388402361,0.000349440556,2411.0305
0.012,0.0751977476,0.409694278,0.000349438617,2342.04851
0.018,0.0751977476,0.409694278,0.000349438617,2342.04851
0.012,0.0916095902,0.409694278,0.000349440556,1967.19756
0.018,0.0916095902,0.409694278,0.000349440556,1967.19756
0.012,0.108021478,0.388402361,0.000349440556,2105.43596
0.018,0.108021478,0.388402361,0.000349440556,2105.43596
0.012,0.124433366,0.388402361,0.000349440556,1666.35116
0.018,0.124433366,0.388402361,0.000349440556,1666.35116
0.012,0.108021478,0.409694278,0.000349440556,1528.42024
0.018,0.108021478,0.409694278,0.000349440556,1528.42024
0.012,0.124433366,0.409694278,0.000349440556,1295.19166
0.018,0.124433366,0.409694278,0.000349440556,1295.19166
0.015,0.0161954971,0.439557582,2.57730508e-05,2572.07626
0.012,0.0163807903,0.440249106,2.30642412e-06,2572.11849
0.018,0.0163807903,0.440249106,2.30642412e-06,2572.11849
0.015,0.0190480731,0.428911624,0.000106485035,2568.18256
0.012,0.0259740707,0.431598331,0.000317200224,2568.19708
0.018,0.0259740707,0.431598331,0.000317200224,2568.19708
0.015,0.0127870414,0.452278112,0.000132258086,2630.55981
0.012,0.0144271093,0.454831579,8.4408299e-05,2630.56183
0.018,0.0144271093,0.454831579,8.4408299e-05,2630.56183
0.012,0.0251247884,0.452278112,0.000356571969,2492.36579
0.018,0.0251247884,0.452278112,0.000356571969,2492.36579
0.012,0.0418716123,0.430986195,0.000356571996,2487.35256
0.018,0.0418716123,0.430986195,0.000356571996,2487.35256
0.012,0.0586184369,0.430986195,0.000356571996,2251.14715
0.018,0.0586184369,0.430986195,0.000356571996,2251.14715
0.012,0.0418716123,0.452278112,0.000356571996,2157.72328
0.018,0.0418716123,0.452278112,0.000356571996,2157.72328
0.012,0.0586184369,0.452278112,0.000356571996,1654.7539
0.018,0.0586184369,0.452278112,0.000356571996,1654.7539
0.015,0.00708188949,0.473570029,0.000132258086,2645.15212
0.012,0.0117763777,0.47461691,0.00020588192,2645.15076
0.018,0.0117763777,0.47461691,0.00020588192,2645.15076
0.012,0.0251247884,0.473570029,0.000356571969,2004.46867
0.018,0.0251247884,0.473570029,0.000356571969,2004.46867
0.015,0.00211465676,0.492107994,9.8044876e-05,1651.1088
0.012,0.00909487535,0.495417874,0.000323291152,1651.1088
0.018,0.00909487535,0.495417874,0.000323291152,1651.1088
0.015,0.0,0.502753952,3.30474234e-05,1651.1088
0.012,0.0251247884,0.494861945,0.000356571969,1344.85353
0.018,0.0251247884,0.494861945,0.000356571969,1344.85353
0.012,0.0418716123,0.473570029,0.000356571996,1477.71651
0.018,0.0418716123,0.473570029,0.000356571996,1477.71651
0.012,0.0586184369,0.473570029,0.000356571996,1263.65421
0.018,0.0586184369,0.473570029,0.000356571996,1263.65421
0.012,0.0418716123,0.494861945,0.000356571996,1214.19456
0.018,0.0418716123,0.494861945,0.000356571996,1214.19456
0.012,0.0586184369,0.494861945,0.000356571996,1181.95932
0.018,0.0586184369,0.494861945,0.000356571996,1181.95932
0.012,0.0751977476,0.430986195,0.000349438617,1816.38959
0.018,0.0751977476,0.430986195,0.000349438617,1816.38959
0.012,0.0916095902,0.430986195,0.000349440556,1414.45517
0.018,0.0916095902,0.430986195,0.000349440556,1414.45517
0.012,0.0751977476,0.452278112,0.000349438617,1335.57107
0.018,0.0751977476,0.452278112,0.000349438617,1335.57107
0.012,0.0916095902,0.452278112,0.000349440556,1220.73378
0.018,0.0916095902,0.452278112,0.000349440556,1220.73378
0.012,0.108021478,0.430986195,0.000349440556,1250.59991
0.018,0.108021478,0.430986195,0.000349440556,1250.59991
0.012,0.124433366,0.430986195,0.000349440556,1195.56275
0.018,0.124433366,0.430986195,0.000349440556,1195.56275
0.012,0.108021478,0.452278112,0.000349440556,1185.74565
0.018,0.108021478,0.452278112,0.000349440556,1185.74565
0.012,0.124433366,0.452278112,0.000349440556,1175.80114
0.018,0.124433366,0.452278112,0.000349440556,1175.80114
0.012,0.0751977476,0.473570029,0.000349438617,1197.03146
0.018,0.0751977476,0.473570029,0.000349438617,1197.03146
0.012,0.0916095902,0.473570029,0.000349440556,1178.64189
0.018,0.0916095902,0.473570029,0.000349440556,1178.64189
0.012,0.0751977476,0.494861945,0.000349438617,1174.34793
0.018,0.0751977476,0.494861945,0.000349438617,1174.34793
0.012,0.0916095902,0.494861945,0.000349440556,1172.55662
0.018,0.0916095902,0.494861945,0.000349440556,1172.55662
0.012,0.108021478,0.473570029,0.000349440556,1173.73175
0.018,0.108021478,0.473570029,0.000349440556,1173.73175
0.012,0.124433366,0.473570029,0.000349440556,1172.4486
0.018,0.124433366,0.473570029,0.000349440556,1172.4486
0.012,0.108021478,0.494861945,0.000349440556,1172.13203
0.018,0.108021478,0.494861945,0.000349440556,1172.13203
0.012,0.124433366,0.494861945,0.000349440556,1172.03157
0.018,0.124433366,0.494861945,0.000349440556,1172.03157
0.012,0.140583149,0.345818527,0.000338279129,2313.08538
0.018,0.140583149,0.345818527,0.000338279129,2313.08538
0.012,0.159765575,0.345818527,0.000478582102,1835.70295
0.018,0.159765575,0.345818527,0.000478582102,1835.70295
0.012,0.140583149,0.367110444,0.000338279129,1809.22933
0.018,0.140583149,0.367110444,0.000338279129,1809.22933
0.012,0.159765575,0.367110444,0.000478582102,1385.97757
0.018,0.159765575,0.367110444,0.000478582102,1385.97757
0.012,0.186902599,0.345818527,0.000677016415,1344.35011
0.018,0.186902599,0.345818527,0.000677016415,1344.35011
0.012,0.225291437,0.345818527,0.000957727487,1198.86927
0.018,0.225291437,0.345818527,0.000957727487,1198.86927
0.012,0.186902599,0.367110444,0.000677016415,1216.65285
0.018,0.186902599,0.367110444,0.000677016415,1216.65285
0.012,0.225291437,0.367110444,0.000957727487,1178.31682
0.018,0.225291437,0.367110444,0.000957727487,1178.31682
0.012,0.140583149,0.388402361,0.000338279129,1353.46733
0.018,0.140583149,0.388402361,0.000338279129,1353.46733
0.012,0.159765575,0.388402361,0.000478582102,1221.61767
0.018,0.159765575,0.388402361,0.000478582102,1221.61767
0.012,0.140583149,0.409694278,0.000338279129,1209.95497
0.018,0.140583149,0.409694278,0.000338279129,1209.95497
0.012,0.159765575,0.409694278,0.000478582102,1181.54628
0.018,0.159765575,0.409694278,0.000478582102,1181.54628
0.012,0.186902599,0.388402361,0.000677016415,1181.38482
0.018,0.186902599,0.388402361,0.000677016415,1181.38482
0.012,0.225291437,0.388402361,0.000957727487,1173.26882
0.018,0.225291437,0.388402361,0.000957727487,1173.26882
0.012,0.186902599,0.409694278,0.000677016415,1173.72926
0.018,0.186902599,0.409694278,0.000677016415,1173.72926
0.012,0.225291437,0.409694278,0.000957727487,1172.2262
0.018,0.225291437,0.409694278,0.000957727487,1172.2262
0.012,0.27958878,0.345818527,0.00135446151,1174.3184
0.018,0.27958878,0.345818527,0.00135446151,1174.3184
0.015,0.311395721,0.345818527,0.000127751501,1174.3184
0.012,0.27958878,0.367110444,0.00135446151,1172.51835
0.018,0.27958878,0.367110444,0.00135446151,1172.51835
0.015,0.311395721,0.367110444,0.000127751501,1172.51835
0.012,0.27958878,0.388402361,0.00135446151,1172.10079
0.018,0.27958878,0.388402361,0.00135446151,1172.10079
0.015,0.311395721,0.388402361,0.000127751501,1172.10079
0.012,0.27958878,0.409694278,0.00135446151,1172.01759
0.018,0.27958878,0.409694278,0.00135446151,1172.01759
0.015,0.311395721,0.409694278,0.000127751501,1172.01759
0.012,0.140583149,0.430986195,0.000338279129,1178.76825
0.018,0.140583149,0.430986195,0.000338279129,1178.76825
0.012,0.159765575,0.430986195,0.000478582102,1173.62501
0.018,0.159765575,0.430986195,0.000478582102,1173.62501
0.012,0.140583149,0.452278112,0.000338279129,1173.02803
0.018,0.140583149,0.452278112,0.000338279129,1173.02803
0.012,0.159765575,0.452278112,0.000478582102,1172.23414
0.018,0.159765575,0.452278112,0.000478582102,1172.23414
0.012,0.186902599,0.430986195,0.000677016415,1172.28285
0.018,0.186902599,0.430986195,0.000677016415,1172.28285
0.012,0.225291437,0.430986195,0.000957727487,1172.03577
0.018,0.225291437,0.430986195,0.000957727487,1172.03577
0.012,0.186902599,0.452278112,0.000677016415,1172.03888
0.018,0.186902599,0.452278112,0.000677016415,1172.03888
0.012,0.225291437,0.452278112,0.000957727487,1172.00488
0.018,0.225291437,0.452278112,0.000957727487,1172.00488
0.012,0.140583149,0.473570029,0.000338279129,1172.11449
0.018,0.140583149,0.473570029,0.000338279129,1172.11449
0.012,0.159765575,0.473570029,0.000478582102,1172.02481
0.018,0.159765575,0.473570029,0.000478582102,1172.02481
0.012,0.140583149,0.494861945,0.000338279129,1172.00765
0.018,0.140583149,0.494861945,0.000338279129,1172.00765
0.012,0.159765575,0.494861945,0.000478582102,1172.00175
0.018,0.159765575,0.494861945,0.000478582102,1172.00175
0.012,0.186902599,0.473570029,0.000677016415,1172.0041
0.018,0.186902599,0.473570029,0.000677016415,1172.0041
0.012,0.225291437,0.473570029,0.000957727487,1172.0007
0.018,0.225291437,0.473570029,0.000957727487,1172.0007
0.012,0.186902599,0.494861945,0.000677016415,1172.00049
0.018,0.186902599,0.494861945,0.000677016415,1172.00049
0.012,0.225291437,0.494861945,0.000957727487,1172.00029
0.018,0.225291437,0.494861945,0.000957727487,1172.00029
0.012,0.27958878,0.430986195,0.00135446151,1172.00287
0.018,0.27958878,0.430986195,0.00135446151,1172.00287
0.015,0.311395721,0.430986195,0.000127751501,1172.00287
0.012,0.27958878,0.452278112,0.00135446151,1172.00057
0.018,0.27958878,0.452278112,0.00135446151,1172.00057
0.015,0.311395721,0.452278112,0.000127751501,1172.00057
0.012,0.27958878,0.473570029,0.00135446151,1172.00027
0.018,0.27958878,0.473570029,0.00135446151,1172.00027
0.015,0.311395721,0.473570029,0.000127751501,1172.00027
0.012,0.27958878,0.494861945,0.00135446151,1172.00024
0.018,0.27958878,0.494861945,0.00135446151,1172.00024
0.015,0.311395721,0.494861945,0.000127751501,1172.00024
0.012,0.00837568839,0.516153862,0.000356668922,1172.02204
0.018,0.00837568839,0.516153862,0.000356668922,1172.02204
0.015,0.0,0.516153862,0.000127751501,1172.02204
0.012,0.0251247884,0.516153862,0.000356571969,1172.01657
0.018,0.0251247884,0.516153862,0.000356571969,1172.01657
0.012,0.00837568839,0.537276946,0.000351012547,1172.0002
0.018,0.00837568839,0.537276946,0.000351012547,1172.0002
0.015,0.0,0.537276946,0.000125725504,1172.0002
0.012,0.0251247884,0.537276946,0.000350917132,1172.00021
0.018,0.0251247884,0.537276946,0.000350917132,1172.00021
0.012,0.0418716123,0.516153862,0.000356571996,1172.00725
0.018,0.0418716123,0.516153862,0.000356571996,1172.00725
0.012,0.0586184369,0.516153862,0.000356571996,1172.00258
0.018,0.0586184369,0.516153862,0.000356571996,1172.00258
0.012,0.0418716123,0.537276946,0.000350917158,1172.00022
0.018,0.0418716123,0.537276946,0.000350917158,1172.00022
0.012,0.0586184369,0.537276946,0.000350917158,1172.00023
0.018,0.0586184369,0.537276946,0.000350917158,1172.00023
0.012,0.00837568839,0.561436535,0.00045840021,1172.00018
0.018,0.00837568839,0.561436535,0.00045840021,1172.00018
0.015,0.0,0.561436535,0.000164189565,1172.00018
0.012,0.0251247884,0.561436535,0.000458275604,1172.0002
0.018,0.0251247884,0.561436535,0.000458275604,1172.0002
0.012,0.00837568839,0.592986402,0.000598607203,1172.00017
0.018,0.00837568839,0.592986402,0.000598607203,1172.00017
0.015,0.0,0.592986402,0.000214408837,1172.00017
0.012,0.0251247884,0.592986402,0.000598444484,1172.00019
0.018,0.0251247884,0.592986402,0.000598444484,1172.00019
0.012,0.0418716123,0.561436535,0.000458275638,1172.00021
0.018,0.0418716123,0.561436535,0.000458275638,1172.00021
0.012,0.0586184369,0.561436535,0.000458275638,1172.00023
0.018,0.0586184369,0.561436535,0.000458275638,1172.00023
0.012,0.0418716123,0.592986402,0.000598444529,1172.0002
0.018,0.0418716123,0.592986402,0.000598444529,1172.0002
0.012,0.0586184369,0.592986402,0.000598444529,1172.00021
0.018,0.0586184369,0.592986402,0.000598444529,1172.00021
0.012,0.0751977476,0.516153862,0.000349438617,1172.00096
0.018,0.0751977476,0.516153862,0.000349438617,1172.00096
0.012,0.0916095902,0.516153862,0.000349440556,1172.00046
0.018,0.0916095902,0.516153862,0.000349440556,1172.00046
0.012,0.0751977476,0.537276946,0.000343896907,1172.00024
0.018,0.0751977476,0.537276946,0.000343896907,1172.00024
0.012,0.0916095902,0.537276946,0.000343898816,1172.00025
0.018,0.0916095902,0.537276946,0.000343898816,1172.00025
0.012,0.108021478,0.516153862,0.000349440556,1172.00032
0.018,0.108021478,0.516153862,0.000349440556,1172.00032
0.012,0.124433366,0.516153862,0.000349440556,1172.00029
0.018,0.124433366,0.516153862,0.000349440556,1172.00029
0.012,0.108021478,0.537276946,0.000343898815,1172.00026
0.018,0.108021478,0.537276946,0.000343898815,1172.00026
0.012,0.124433366,0.537276946,0.000343898815,1172.00027
0.018,0.124433366,0.537276946,0.000343898815,1172.00027
0.012,0.0751977476,0.561436535,0.000449107634,1172.00024
0.018,0.0751977476,0.561436535,0.000449107634,1172.00024
0.012,0.0916095902,0.561436535,0.000449110126,1172.00025
0.018,0.0916095902,0.561436535,0.000449110126,1172.00025
0.012,0.0751977476,0.592986402,0.000586472385,1172.00023
0.018,0.0751977476,0.592986402,0.000586472385,1172.00023
0.012,0.0916095902,0.592986402,0.000586475639,1172.00024
0.018,0.0916095902,0.592986402,0.000586475639,1172.00024
0.012,0.108021478,0.561436535,0.000449110125,1172.00026
0.018,0.108021478,0.561436535,0.000449110125,1172.00026
0.012,0.124433366,0.561436535,0.000449110125,1172.00027
0.018,0.124433366,0.561436535,0.000449110125,1172.00027
0.012,0.108021478,0.592986402,0.000586475638,1172.00025
0.018,0.108021478,0.592986402,0.000586475638,1172.00025
0.012,0.124433366,0.592986402,0.000586475638,1172.00026
0.018,0.124433366,0.592986402,0.000586475638,1172.00026
0.012,0.00837568839,0.63418616,0.000781698129,1172.00015
0.018,0.00837568839,0.63418616,0.000781698129,1172.00015
0.015,0.0,0.63418616,0.000279988256,1172.00015
0.012,0.0251247884,0.63418616,0.000781485641,1172.00017
0.018,0.0251247884,0.63418616,0.000781485641,1172.00017
0.012,0.00837568839,0.687987339,0.00102078953,1172.00012
0.018,0.00837568839,0.687987339,0.00102078953,1172.00012
0.015,0.0,0.687987339,0.000365625898,1172.00012
0.012,0.0251247884,0.687987339,0.00102051205,1172.00014
0.018,0.0251247884,0.687987339,0.00102051205,1172.00014
0.012,0.0418716123,0.63418616,0.000781485699,1172.00018
0.018,0.0418716123,0.63418616,0.000781485699,1172.00018
0.012,0.0586184369,0.63418616,0.000781485699,1172.0002
0.018,0.0586184369,0.63418616,0.000781485699,1172.0002
0.012,0.0418716123,0.687987339,0.00102051213,1172.00016
0.018,0.0418716123,0.687987339,0.00102051213,1172.00016
0.012,0.0586184369,0.687987339,0.00102051213,1172.00017
0.018,0.0586184369,0.687987339,0.00102051213,1172.00017
0.012,0.00837568839,0.758244231,0.0013330098,1172.00009
0.018,0.00837568839,0.758244231,0.0013330098,1172.00009
0.015,0.0,0.758244231,0.000477456801,1172.00009
0.012,0.0251247884,0.758244231,0.00133264745,1172.00011
0.018,0.0251247884,0.758244231,0.00133264745,1172.00011
0.012,0.00837568839,0.849978043,0.00174032551,1172.00004
0.018,0.00837568839,0.849978043,0.00174032551,1172.00004
0.015,0.0,0.849978043,0.000623348947,1172.00004
0.015,0.00837568839,0.901923789,0.000100508261,1172.00004
0.012,0.0251247884,0.849978043,0.00173985244,1172.00006
0.018,0.0251247884,0.849978043,0.00173985244,1172.00006
0.015,0.0251247884,0.901923789,0.00010048094,1172.00006
0.012,0.0418716123,0.758244231,0.00133264755,1172.00012
0.018,0.0418716123,0.758244231,0.00133264755,1172.00012
0.012,0.0586184369,0.758244231,0.00133264754,1172.00014
0.018,0.0586184369,0.758244231,0.00133264754,1172.00014
0.012,0.0418716123,0.849978043,0.00173985257,1172.00007
0.018,0.0418716123,0.849978043,0.00173985257,1172.00007
0.015,0.0418716123,0.901923789,0.000100480947,1172.00007
0.012,0.0586184369,0.849978043,0.00173985257,1172.00007
0.018,0.0586184369,0.849978043,0.00173985257,1172.00007
0.015,0.0586184369,0.901923789,0.000100480947,1172.00007
0.012,0.0751977476,0.63418616,0.000765851737,1172.00021
0.018,0.0751977476,0.63418616,0.000765851737,1172.00021
0.012,0.0916095902,0.63418616,0.000765855986,1172.00023
0.018,0.0916095902,0.63418616,0.000765855986,1172.00023
0.012,0.0751977476,0.687987339,0.00100009633,1172.00019
0.018,0.0751977476,0.687987339,0.00100009633,1172.00019
0.012,0.0916095902,0.687987339,0.00100010188,1172.0002
0.018,0.0916095902,0.687987339,0.00100010188,1172.0002
0.012,0.108021478,0.63418616,0.000765855985,1172.00024
0.018,0.108021478,0.63418616,0.000765855985,1172.00024
0.012,0.124433366,0.63418616,0.000765855985,1172.00025
0.018,0.124433366,0.63418616,0.000765855985,1172.00025
0.012,0.108021478,0.687987339,0.00100010188,1172.00021
0.018,0.108021478,0.687987339,0.00100010188,1172.00021
0.012,0.124433366,0.687987339,0.00100010188,1172.00022
0.018,0.124433366,0.687987339,0.00100010188,1172.00022
0.012,0.0751977476,0.758244231,0.00130598735,1172.00015
0.018,0.0751977476,0.758244231,0.00130598735,1172.00015
0.012,0.0916095902,0.758244231,0.0013059946,1172.00015
0.018,0.0916095902,0.758244231,0.0013059946,1172.00015
0.012,0.0751977476,0.849978043,0.00170504606,1172.00008
0.018,0.0751977476,0.849978043,0.00170504606,1172.00008
0.015,0.0751977476,0.901923789,9.84707819e-05,1172.00008
0.012,0.0916095902,0.849978043,0.00170505552,1172.00008
0.018,0.0916095902,0.849978043,0.00170505552,1172.00008
0.015,0.0916095902,0.901923789,9.84713284e-05,1172.00008
0.012,0.108021478,0.758244231,0.00130599459,1172.00016
0.018,0.108021478,0.758244231,0.00130599459,1172.00016
0.012,0.124433366,0.758244231,0.00130599459,1172.00016
0.018,0.124433366,0.758244231,0.00130599459,1172.00016
0.012,0.108021478,0.849978043,0.00170505552,1172.00008
0.018,0.108021478,0.849978043,0.00170505552,1172.00008
0.015,0.108021478,0.901923789,9.84713282e-05,1172.00008
0.012,0.124433366,0.849978043,0.00170505552,1172.00008
0.018,0.124433366,0.849978043,0.00170505552,1172.00008
0.015,0.124433366,0.901923789,9.84713282e-05,1172.00008
0.012,0.140583149,0.516153862,0.000338279129,1172.00028
0.018,0.140583149,0.516153862,0.000338279129,1172.00028
0.012,0.159765575,0.516153862,0.000478582102,1172.00028
0.018,0.159765575,0.516153862,0.000478582102,1172.00028
0.012,0.140583149,0.537276946,0.000332914396,1172.00027
0.018,0.140583149,0.537276946,0.000332914396,1172.00027
0.012,0.159765575,0.537276946,0.000470992319,1172.00028
0.018,0.159765575,0.537276946,0.000470992319,1172.00028
0.012,0.186902599,0.516153862,0.000677016415,1172.00028
0.018,0.186902599,0.516153862,0.000677016415,1172.00028
0.012,0.225291437,0.516153862,0.000957727487,1172.00026
0.018,0.225291437,0.516153862,0.000957727487,1172.00026
0.012,0.186902599,0.537276946,0.000666279683,1172.00027
0.018,0.186902599,0.537276946,0.000666279683,1172.00027
0.012,0.225291437,0.537276946,0.000942538989,1172.00026
0.018,0.225291437,0.537276946,0.000942538989,1172.00026
0.012,0.140583149,0.561436535,0.000434765169,1172.00027
0.018,0.140583149,0.561436535,0.000434765169,1172.00027
0.012,0.159765575,0.561436535,0.000615086212,1172.00027
0.018,0.159765575,0.561436535,0.000615086212,1172.00027
0.012,0.140583149,0.592986402,0.000567743111,1172.00027
0.018,0.140583149,0.592986402,0.000567743111,1172.00027
0.012,0.159765575,0.592986402,0.000803217425,1172.00027
0.018,0.159765575,0.592986402,0.000803217425,1172.00027
0.012,0.186902599,0.561436535,0.000870119172,1172.00027
0.018,0.186902599,0.561436535,0.000870119172,1172.00027
0.012,0.225291437,0.561436535,0.00123089637,1172.00025
0.018,0.225291437,0.561436535,0.00123089637,1172.00025
0.012,0.186902599,0.592986402,0.00113625516,1172.00026
0.018,0.186902599,0.592986402,0.00113625516,1172.00026
0.012,0.225291437,0.592986402,0.00160738023,1172.00025
0.018,0.225291437,0.592986402,0.00160738023,1172.00025
0.012,0.27958878,0.516153862,0.00135446151,1172.00023
0.018,0.27958878,0.516153862,0.00135446151,1172.00023
0.015,0.311395721,0.516153862,0.000127751501,1172.00023
0.012,0.27958878,0.537276946,0.00133298125,1172.00023
0.018,0.27958878,0.537276946,0.00133298125,1172.00023
0.015,0.311395721,0.537276946,0.000125725504,1172.00023
0.012,0.27958878,0.561436535,0.0017407893,1172.00022
0.018,0.27958878,0.561436535,0.0017407893,1172.00022
0.015,0.311395721,0.561436535,0.000164189565,1172.00022
0.012,0.27958878,0.592986402,0.00227322978,1172.0002
0.018,0.27958878,0.592986402,0.00227322978,1172.0002
0.015,0.311395721,0.592986402,0.000214408837,1172.0002
0.012,0.140583149,0.63418616,0.000741393898,1172.00025
0.018,0.140583149,0.63418616,0.000741393898,1172.00025
0.012,0.159765575,0.63418616,0.00104889075,1172.00025
0.018,0.159765575,0.63418616,0.00104889075,1172.00025
0.012,0.140583149,0.687987339,0.000968157784,1172.00022
0.018,0.140583149,0.687987339,0.000968157784,1172.00022
0.012,0.159765575,0.687987339,0.0013697061,1172.00022
0.018,0.159765575,0.687987339,0.0013697061,1172.00022
0.012,0.186902599,0.63418616,0.00148379192,1172.00025
0.018,0.186902599,0.63418616,0.00148379192,1172.00025
0.012,0.225291437,0.63418616,0.00209901603,1172.00023
0.018,0.225291437,0.63418616,0.00209901603,1172.00023
0.012,0.186902599,0.687987339,0.00193762682,1172.00022
0.018,0.186902599,0.687987339,0.00193762682,1172.00022
0.012,0.225291437,0.687987339,0.00274102433,1172.0002
0.018,0.225291437,0.687987339,0.00274102433,1172.0002
0.012,0.140583149,0.758244231,0.00126428002,1172.00017
0.018,0.140583149,0.758244231,0.00126428002,1172.00017
0.012,0.159765575,0.758244231,0.00178864653,1172.00017
0.018,0.159765575,0.758244231,0.00178864653,1172.00017
0.012,0.140583149,0.849978043,0.00165059461,1172.00008
0.018,0.140583149,0.849978043,0.00165059461,1172.00008
0.015,0.140583149,0.901923789,9.53260708e-05,1172.00008
0.012,0.159765575,0.849978043,0.00233518703,1172.00008
0.018,0.159765575,0.849978043,0.00233518703,1172.00008
0.015,0.159765575,0.901923789,0.000134863039,1172.00008
0.012,0.186902599,0.758244231,0.00253027235,1172.00016
0.018,0.186902599,0.758244231,0.00253027235,1172.00016
0.012,0.225291437,0.758244231,0.00357939827,1172.00015
0.018,0.225291437,0.758244231,0.00357939827,1172.00015
0.012,0.186902599,0.849978043,0.00330342474,1172.00008
0.018,0.186902599,0.849978043,0.00330342474,1172.00008
0.015,0.186902599,0.901923789,0.000190781249,1172.00008
0.012,0.225291437,0.849978043,0.00467312254,1172.00007
0.018,0.225291437,0.849978043,0.00467312254,1172.00007
0.015,0.225291437,0.901923789,0.000269884809,1172.00007
0.012,0.27958878,0.63418616,0.00296852336,1172.00019
0.018,0.27958878,0.63418616,0.00296852336,1172.00019
0.015,0.311395721,0.63418616,0.000279988256,1172.00019
0.012,0.27958878,0.687987339,0.00387648052,1172.00016
0.018,0.27958878,0.687987339,0.00387648052,1172.00016
0.015,0.311395721,0.687987339,0.000365625898,1172.00016
0.012,0.27958878,0.758244231,0.00506214685,1172.00012
0.018,0.27958878,0.758244231,0.00506214685,1172.00012
0.015,0.311395721,0.758244231,0.000477456801,1172.00012
0.012,0.27958878,0.849978043,0.00660894117,1172.00006
0.018,0.27958878,0.849978043,0.00660894117,1172.00006
0.015,0.311395721,0.849978043,0.000623348947,1172.00006
0.015,0.27958878,0.901923789,0.000381683298,1172.00006
0.015,0.00837568839,0.0104190652,2.09440424e-06,
0.015,0.0251247884,0.0104190652,2.09383492e-06,
0.015,0.00837568839,0.0312547965,2.09392199e-06,
0.015,0.0251247884,0.0312547965,2.0933528e-06,
0.015,0.0418716123,0.0104190652,2.09383508e-06,
0.015,0.0586184369,0.0104190652,2.09383508e-06,
0.015,0.0418716123,0.0312547965,2.09335295e-06,
0.015,0.0586184369,0.0312547965,2.09335295e-06,
0.015,0.00837568839,0.0520881293,2.0939221e-06,
0.015,0.0251247884,0.0520881293,2.09335291e-06,
0.015,0.00837568839,0.0729214626,2.0939221e-06,
0.015,0.0251247884,0.0729214626,2.09335291e-06,
0.015,0.0418716123,0.0520881293,2.09335307e-06,
0.015,0.0586184369,0.0520881293,2.09335307e-06,
0.015,0.0418716123,0.0729214626,2.09335307e-06,
0.015,0.0586184369,0.0729214626,2.09335307e-06,
0.015,0.0751977476,0.0104190652,2.05194699e-06,
0.015,0.0916095902,0.0104190652,2.05195838e-06,
0.015,0.0751977476,0.0312547965,2.05147452e-06,
0.015,0.0916095902,0.0312547965,2.0514859e-06,
0.015,0.108021478,0.0104190652,2.05195838e-06,
0.015,0.123691701,0.00985825588,1.84989208e-06,
0.015,0.108021478,0.0312547965,2.0514859e-06,
0.015,0.121052195,0.0302207637,1.1715595e-06,
0.015,0.0751977476,0.0520881293,2.05147462e-06,
0.015,0.0916095902,0.0520881293,2.05148601e-06,
0.015,0.0751977476,0.0729214626,2.05147462e-06,
0.015,0.0916095902,0.0729214626,2.05148601e-06,
0.015,0.108021478,0.0520881293,2.051486e-06,
0.015,0.118465093,0.0495311548,4.73775228e-07,
0.015,0.107156749,0.0723109297,1.81630166e-06,
0.015,0.116560444,0.063747649,1.1175212e-08,
0.015,0.00837568839,0.0937547959,2.0939221e-06,
0.015,0.0251247884,0.0937547959,2.09335291e-06,
0.015,0.00837568839,0.114588129,2.0939221e-06,
0.015,0.0251247884,0.114588129,2.09335291e-06,
0.015,0.0418716123,0.0937547959,2.09335307e-06,
0.015,0.0586184369,0.0937547959,2.09335307e-06,
0.015,0.0418716123,0.114588129,2.09335307e-06,
0.015,0.0586184369,0.114588129,2.09335307e-06,
0.015,0.00837568839,0.135421463,2.0939221e-06,
0.015,0.0251247884,0.135421463,2.09335291e-06,
0.015,0.00837568839,0.156254796,2.0939221e-06,
0.015,0.0251247884,0.156254796,2.09335291e-06,
0.015,0.0418716123,0.135421463,2.09335307e-06,
0.015,0.0586184369,0.135421463,2.09335307e-06,
0.015,0.0418716123,0.156254796,2.09335307e-06,
0.015,0.0586184369,0.156254796,2.09335307e-06,
0.015,0.0751977476,0.0937547959,2.05147462e-06,
0.015,0.0916095902,0.0937547959,2.05148601e-06,
0.015,0.0751977476,0.114588129,2.05147462e-06,
0.015,0.0916095902,0.114588129,2.05148601e-06,
0.015,0.104477973,0.0926824412,1.12969252e-06,
0.015,0.101918943,0.111783294,4.31908166e-07,
0.015,0.0751977476,0.135421463,2.05147462e-06,
0.015,0.090610911,0.134767737,1.78067158e-06,
0.015,0.0751977476,0.156254796,2.05147462e-06,
0.015,0.0879041456,0.15514117,1.08782546e-06,
0.015,0.10003691,0.125830982,4.93824082e-09,
0.015,0.133084406,0.00166111835,1.99626121e-08,
0.015,0.00837568839,0.177088129,2.0939221e-06,
0.015,0.0251247884,0.177088129,2.09335291e-06,
0.015,0.00837568839,0.197921463,2.0939221e-06,
0.015,0.0251247884,0.197921463,2.09335291e-06,
0.015,0.0418716123,0.177088129,2.09335307e-06,
0.015,0.0586184369,0.177088129,2.09335307e-06,
0.015,0.0418716123,0.197921463,2.09335307e-06,
0.015,0.0586184369,0.197921463,2.09335307e-06,
0.015,0.00837568839,0.218754796,2.0939221e-06,
0.015,0.0251247884,0.218754796,2.09335291e-06,
0.015,0.00837568839,0.239588129,2.0939221e-06,
0.015,0.0251247884,0.239588129,2.09335291e-06,
0.015,0.0418716123,0.218754796,2.09335307e-06,
0.015,0.0586184369,0.218754796,2.09335307e-06,
0.015,0.0418716123,0.239588129,2.09335307e-06,
0.015,0.0586184353,0.239588127,2.09335268e-06,
0.015,0.0751977476,0.177088129,2.05147462e-06,
0.015,0.0853799231,0.173982223,3.90041108e-07,
0.015,0.0740532691,0.197233212,1.74251808e-06,
0.015,0.0835133766,0.187914316,1.21329352e-09,
0.015,0.0713308086,0.217596581,1.04594702e-06,
0.015,0.068850662,0.236108647,3.48163047e-07,
0.015,0.00837568839,0.260650807,2.14002414e-06,
0.015,0.0251247884,0.260650807,2.13944243e-06,
0.015,0.00837568839,0.281942777,2.14001353e-06,
0.015,0.0251247884,0.281942777,2.13943181e-06,
0.015,0.0418716123,0.260650807,2.13944258e-06,
0.015,0.0572868745,0.259921932,1.77427253e-06,
0.015,0.0418716123,0.281942777,2.13943197e-06,
0.015,0.0545023697,0.280705759,1.0454202e-06,
0.015,0.00837568839,0.303234694,2.14001353e-06,
0.015,0.0251247884,0.303234694,2.13943182e-06,
0.015,0.00837568839,0.324526611,2.14001353e-06,
0.015,0.0251247884,0.324526611,2.13943182e-06,
0.015,0.0418655539,0.303227217,2.13786175e-06,
0.015,0.05202191,0.299220162,3.18148708e-07,
0.015,0.0403583889,0.323777869,1.72716873e-06,
0.015,0.00837568839,0.345818527,2.14001353e-06,
0.015,0.0251247884,0.345818527,2.13943182e-06,
0.015,0.00837568839,0.367110444,2.14001353e-06,
0.015,0.0251012372,0.367082268,2.13324888e-06,
0.015,0.0375790473,0.344523157,9.98327008e-07,
0.015,0.0351522084,0.362637329,2.75668221e-07,
0.015,0.00837568839,0.388402361,2.14001353e-06,
0.015,0.0234300612,0.387632632,1.68007538e-06,
0.015,0.00837568839,0.409694278,2.14001353e-06,
0.015,0.0206564996,0.408334777,9.51233653e-07,
0.015,0.00832358593,0.430925906,2.12617499e-06,
0.015,0.0182825076,0.426054495,2.36230474e-07,
0.015,0.00649958108,0.451486466,1.63356374e-06,
0.015,0.00373244707,0.472140636,9.04722014e-07,
0.015,0.00140977118,0.489477325,2.00266619e-07,
0.015,0.00837568839,5.5511151199999996e-17,0.000100508261,
0.012,0.00837568839,0.0104190652,0.000349067374,
0.018,0.00837568839,0.0104190652,0.000349067374,
0.015,0.0,0.0104190652,0.000125028782,
0.015,0.0251247884,5.5511151199999996e-17,0.00010048094,
0.012,0.0251247884,0.0104190652,0.000348972487,
0.018,0.0251247884,0.0104190652,0.000348972487,
0.012,0.00837568839,0.0312547965,0.000348986998,
0.018,0.00837568839,0.0312547965,0.000348986998,
0.015,0.0,0.0312547965,0.000124999993,
0.012,0.0251247884,0.0312547965,0.000348892133,
0.018,0.0251247884,0.0312547965,0.000348892133,
0.015,0.0418716123,5.5511151199999996e-17,0.000100480947,
0.012,0.0418716123,0.0104190652,0.000348972513,
0.018,0.0418716123,0.0104190652,0.000348972513,
0.015,0.0586184369,5.5511151199999996e-17,0.000100480947,
0.012,0.0586184369,0.0104190652,0.000348972513,
0.018,0.0586184369,0.0104190652,0.000348972513,
0.012,0.0418716123,0.0312547965,0.000348892159,
0.018,0.0418716123,0.0312547965,0.000348892159,
0.012,0.0586184369,0.0312547965,0.000348892159,
0.018,0.0586184369,0.0312547965,0.000348892159,
0.012,0.00837568839,0.0520881293,0.000348987016,
0.018,0.00837568839,0.0520881293,0.000348987016,
0.015,0.0,0.0520881293,0.000125,
0.012,0.0251247884,0.0520881293,0.000348892152,
0.018,0.0251247884,0.0520881293,0.000348892152,
0.012,0.00837568839,0.0729214626,0.000348987016,
0.018,0.00837568839,0.0729214626,0.000348987016,
0.015,0.0,0.0729214626,0.000125,
0.012,0.0251247884,0.0729214626,0.000348892152,
0.018,0.0251247884,0.0729214626,0.000348892152,
0.012,0.0418716123,0.0520881293,0.000348892178,
0.018,0.0418716123,0.0520881293,0.000348892178,
0.012,0.0586184369,0.0520881293,0.000348892178,
0.018,0.0586184369,0.0520881293,0.000348892178,
0.012,0.0418716123,0.0729214626,0.000348892178,
0.018,0.0418716123,0.0729214626,0.000348892178,
0.012,0.0586184369,0.0729214626,0.000348892178,
0.018,0.0586184369,0.0729214626,0.000348892178,
0.015,0.0751977476,5.5511151199999996e-17,9.84707819e-05,
0.012,0.0751977476,0.0104190652,0.000341991166,
0.018,0.0751977476,0.0104190652,0.000341991166,
0.015,0.0916095902,5.5511151199999996e-17,9.84713284e-05,
0.012,0.0916095902,0.0104190652,0.000341993063,
0.018,0.0916095902,0.0104190652,0.000341993063,
0.012,0.0751977476,0.0312547965,0.000341912419,
0.018,0.0751977476,0.0312547965,0.000341912419,
0.012,0.0916095902,0.0312547965,0.000341914316,
0.018,0.0916095902,0.0312547965,0.000341914316,
0.015,0.108021478,5.5511151199999996e-17,9.84713282e-05,
0.012,0.108021478,0.0104190652,0.000341993063,
0.018,0.108021478,0.0104190652,0.000341993063,
0.015,0.124433366,5.5511151199999996e-17,9.84713282e-05,
0.015,0.130515173,0.0129107427,9.84844275e-05,
0.012,0.123691701,0.00985825588,0.000308315346,
0.012,0.108021478,0.0312547965,0.000341914316,
0.018,0.108021478,0.0312547965,0.000341914316,
0.015,0.125599899,0.0312547965,0.000129409516,
0.012,0.121052195,0.0302207637,0.000195259917,
0.018,0.121052195,0.0302207637,0.000195259917,
0.012,0.0751977476,0.0520881293,0.000341912437,
0.018,0.0751977476,0.0520881293,0.000341912437,
0.012,0.0916095902,0.0520881293,0.000341914335,
0.018,0.0916095902,0.0520881293,0.000341914335,
0.012,0.0751977476,0.0729214626,0.000341912437,
0.018,0.0751977476,0.0729214626,0.000341912437,
0.012,0.0916095902,0.0729214626,0.000341914335,
0.018,0.0916095902,0.0729214626,0.000341914335,
0.012,0.108021478,0.0520881293,0.000341914334,
0.018,0.108021478,0.0520881293,0.000341914334,
0.015,0.120017624,0.0520881293,0.000129409523,
0.012,0.118465093,0.0495311548,7.89625379e-05,
0.018,0.118465093,0.0495311548,7.89625379e-05,
0.015,0.113935817,0.0747857422,0.000106248992,
0.012,0.107156749,0.0723109297,0.000302716944,
0.018,0.107156749,0.0723109297,0.000302716944,
0.015,0.116726954,0.0643690755,2.31605305e-05,
0.012,0.116560444,0.063747649,1.86253533e-06,
0.018,0.116560444,0.063747649,1.86253533e-06,
0.012,0.00837568839,0.0937547959,0.000348987016,
0.018,0.00837568839,0.0937547959,0.000348987016,
0.015,0.0,0.0937547959,0.000125,
0.012,0.0251247884,0.0937547959,0.000348892152,
0.018,0.0251247884,0.0937547959,0.000348892152,
0.012,0.00837568839,0.114588129,0.000348987016,
0.018,0.00837568839,0.114588129,0.000348987016,
0.015,0.0,0.114588129,0.000125,
0.012,0.0251247884,0.114588129,0.000348892152,
0.018,0.0251247884,0.114588129,0.000348892152,
0.012,0.0418716123,0.0937547959,0.000348892178,
0.018,0.0418716123,0.0937547959,0.000348892178,
0.012,0.0586184369,0.0937547959,0.000348892178,
0.018,0.0586184369,0.0937547959,0.000348892178,
0.012,0.0418716123,0.114588129,0.000348892178,
0.018,0.0418716123,0.114588129,0.000348892178,
0.012,0.0586184369,0.114588129,0.000348892178,
0.018,0.0586184369,0.114588129,0.000348892178,
0.012,0.00837568839,0.135421463,0.000348987016,
0.018,0.00837568839,0.135421463,0.000348987016,
0.015,0.0,0.135421463,0.000125,
0.012,0.0251247884,0.135421463,0.000348892152,
0.018,0.0251247884,0.135421463,0.000348892152,
0.012,0.00837568839,0.156254796,0.000348987016,
0.018,0.00837568839,0.156254796,0.000348987016,
0.015,0.0,0.156254796,0.000125,
0.012,0.0251247884,0.156254796,0.000348892152,
0.018,0.0251247884,0.156254796,0.000348892152,
0.012,0.0418716123,0.135421463,0.000348892178,
0.018,0.0418716123,0.135421463,0.000348892178,
0.012,0.0586184369,0.135421463,0.000348892178,
0.018,0.0586184369,0.135421463,0.000348892178,
0.012,0.0418716123,0.156254796,0.000348892178,
0.018,0.0418716123,0.156254796,0.000348892178,
0.012,0.0586184369,0.156254796,0.000348892178,
0.018,0.0586184369,0.156254796,0.000348892178,
0.012,0.0751977476,0.0937547959,0.000341912437,
0.018,0.0751977476,0.0937547959,0.000341912437,
0.012,0.0916095902,0.0937547959,0.000341914335,
0.018,0.0916095902,0.0937547959,0.000341914335,
0.012,0.0751977476,0.114588129,0.000341912437,
0.018,0.0751977476,0.114588129,0.000341912437,
0.012,0.0916095902,0.114588129,0.000341914335,
0.018,0.0916095902,0.114588129,0.000341914335,
0.015,0.108853074,0.0937547959,0.000129409523,
0.012,0.104477973,0.0926824412,0.000188282087,
0.018,0.104477973,0.0926824412,0.000188282087,
0.015,0.1032708,0.114588129,0.000129409523,
0.012,0.101918943,0.111783294,7.19846944e-05,
0.018,0.101918943,0.111783294,7.19846944e-05,
0.012,0.0751977476,0.135421463,0.000341912437,
0.018,0.0751977476,0.135421463,0.000341912437,
0.015,0.0973564607,0.136660742,0.000114013563,
0.012,0.090610911,0.134767737,0.000296778596,
0.018,0.090610911,0.134767737,0.000296778596,
0.012,0.0751977476,0.156254796,0.000341912437,
0.018,0.0751977476,0.156254796,0.000341912437,
0.015,0.0921062498,0.156254796,0.000129409523,
0.012,0.0879041456,0.15514117,0.000181304244,
0.018,0.0879041456,0.15514117,0.000181304244,
0.015,0.100147598,0.126244075,1.53959592e-05,
0.012,0.10003691,0.125830982,8.23040137e-07,
0.018,0.10003691,0.125830982,8.23040137e-07,
0.015,0.133306953,5.5511151199999996e-17,8.01171576e-06,
0.015,0.133306953,0.00249167752,3.09548927e-05,
0.012,0.133084406,0.00166111835,3.32710202e-06,
0.018,0.133084406,0.00166111835,3.32710202e-06,
0.012,0.00837568839,0.177088129,0.000348987016,
0.018,0.00837568839,0.177088129,0.000348987016,
0.015,0.0,0.177088129,0.000125,
0.012,0.0251247884,0.177088129,0.000348892152,
0.018,0.0251247884,0.177088129,0.000348892152,
0.012,0.00837568839,0.197921463,0.000348987016,
0.018,0.00837568839,0.197921463,0.000348987016,
0.015,0.0,0.197921463,0.000125,
0.012,0.0251247884,0.197921463,0.000348892152,
0.018,0.0251247884,0.197921463,0.000348892152,
0.012,0.0418716123,0.177088129,0.000348892178,
0.018,0.0418716123,0.177088129,0.000348892178,
0.012,0.0586184369,0.177088129,0.000348892178,
0.018,0.0586184369,0.177088129,0.000348892178,
0.012,0.0418716123,0.197921463,0.000348892178,
0.018,0.0418716123,0.197921463,0.000348892178,
0.012,0.0586184369,0.197921463,0.000348892178,
0.018,0.0586184369,0.197921463,0.000348892178,
0.012,0.00837568839,0.218754796,0.000348987016,
0.018,0.00837568839,0.218754796,0.000348987016,
0.015,0.0,0.218754796,0.000125,
0.012,0.0251247884,0.218754796,0.000348892152,
0.018,0.0251247884,0.218754796,0.000348892152,
0.012,0.00837568839,0.239588129,0.000348987016,
0.018,0.00837568839,0.239588129,0.000348987016,
0.015,0.0,0.239588129,0.000125,
0.012,0.0251247884,0.239588129,0.000348892152,
0.018,0.0251247884,0.239588129,0.000348892152,
0.012,0.0418716123,0.218754796,0.000348892178,
0.018,0.0418716123,0.218754796,0.000348892178,
0.012,0.0586184369,0.218754796,0.000348892178,
0.018,0.0586184369,0.218754796,0.000348892178,
0.012,0.0418716123,0.239588129,0.000348892178,
0.018,0.0418716123,0.239588129,0.000348892178,
0.015,0.0669889311,0.249993906,1.35293572e-07,
0.012,0.0586184353,0.239588127,0.000348892114,
0.018,0.0586184353,0.239588127,0.000348892114,
0.012,0.0751977476,0.177088129,0.000341912437,
0.018,0.0751977476,0.177088129,0.000341912437,
0.015,0.086523975,0.177088129,0.000129409523,
0.012,0.0853799231,0.173982223,6.50068513e-05,
0.018,0.0853799231,0.173982223,6.50068513e-05,
0.015,0.0807771044,0.198535742,0.000121778134,
0.012,0.0740532691,0.197233212,0.000290419681,
0.018,0.0740532691,0.197233212,0.000290419681,
0.015,0.0835682418,0.188119076,7.63138841e-06,
0.012,0.0835133766,0.187914316,2.02215587e-07,
0.018,0.0835133766,0.187914316,2.02215587e-07,
0.015,0.0753594253,0.218754796,0.000129409523,
0.012,0.0713308086,0.217596581,0.000174324504,
0.015,0.0697800685,0.239577239,0.000129274229,
0.012,0.068850662,0.236108647,5.80271746e-05,
0.018,0.068850662,0.236108647,5.80271746e-05,
0.012,0.00837568839,0.260650807,0.000356670691,
0.018,0.00837568839,0.260650807,0.000356670691,
0.015,0.0,0.260650807,0.000127752135,
0.012,0.0251247884,0.260650807,0.000356573738,
0.018,0.0251247884,0.260650807,0.000356573738,
0.012,0.00837568839,0.281942777,0.000356668921,
0.018,0.00837568839,0.281942777,0.000356668921,
0.015,0.0,0.281942777,0.000127751501,
0.012,0.0251247884,0.281942777,0.000356571969,
0.018,0.0251247884,0.281942777,0.000356571969,
0.012,0.0418716123,0.260650807,0.000356573764,
0.018,0.0418716123,0.260650807,0.000356573764,
0.015,0.0641334229,0.260650807,0.000132258742,
0.012,0.0572868745,0.259921932,0.000295712089,
0.018,0.0572868745,0.259921932,0.000295712089,
0.012,0.0418716123,0.281942777,0.000356571995,
0.018,0.0418716123,0.281942777,0.000356571995,
0.015,0.0584282569,0.281942777,0.000132258086,
0.012,0.0545023697,0.280705759,0.000174236701,
0.018,0.0545023697,0.280705759,0.000174236701,
0.012,0.00837568839,0.303234694,0.000356668922,
0.018,0.00837568839,0.303234694,0.000356668922,
0.015,0.0,0.303234694,0.000127751501,
0.012,0.0251247884,0.303234694,0.000356571969,
0.018,0.0251247884,0.303234694,0.000356571969,
0.012,0.00837568839,0.324526611,0.000356668922,
0.018,0.00837568839,0.324526611,0.000356668922,
0.015,0.0,0.324526611,0.000127751501,
0.012,0.0251247884,0.324526611,0.000356571969,
0.018,0.0251247884,0.324526611,0.000356571969,
0.015,0.0500577768,0.313181834,8.68164025e-06,
0.012,0.0418655539,0.303227217,0.000356310291,
0.018,0.0418655539,0.303227217,0.000356310291,
0.015,0.0529103527,0.302535875,0.000123576446,
0.012,0.05202191,0.299220162,5.30247847e-05,
0.018,0.05202191,0.299220162,5.30247847e-05,
0.015,0.047017953,0.324526611,0.000132258086,
0.012,0.0403583889,0.323777869,0.000287861455,
0.018,0.0403583889,0.323777869,0.000287861455,
0.012,0.00837568839,0.345818527,0.000356668922,
0.018,0.00837568839,0.345818527,0.000356668922,
0.015,0.0,0.345818527,0.000127751501,
0.012,0.0251247884,0.345818527,0.000356571969,
0.018,0.0251247884,0.345818527,0.000356571969,
0.012,0.00837568839,0.367110444,0.000356668922,
0.018,0.00837568839,0.367110444,0.000356668922,
0.015,0.0,0.367110444,0.000127751501,
0.015,0.0331266366,0.376369709,1.72273312e-05,
0.012,0.0251012372,0.367082268,0.00035554148,
0.018,0.0251012372,0.367082268,0.00035554148,
0.015,0.0413128011,0.345818527,0.000132258086,
0.012,0.0375790473,0.344523157,0.000166387835,
0.015,0.0359792126,0.365723751,0.000115030755,
0.012,0.0351522084,0.362637329,4.59447035e-05,
0.018,0.0351522084,0.362637329,4.59447035e-05,
0.012,0.00837568839,0.388402361,0.000356668922,
0.018,0.00837568839,0.388402361,0.000356668922,
0.015,0.0,0.388402361,0.000127751501,
0.015,0.0299024972,0.388402361,0.000132258086,
0.012,0.0234300612,0.387632632,0.000280012563,
0.018,0.0234300612,0.387632632,0.000280012563,
0.012,0.00837568839,0.409694278,0.000356668922,
0.018,0.00837568839,0.409694278,0.000356668922,
0.015,0.0,0.409694278,0.000127751501,
0.015,0.0241973453,0.409694278,0.000132258086,
0.012,0.0206564996,0.408334777,0.000158538942,
0.018,0.0206564996,0.408334777,0.000158538942,
0.015,0.0161954971,0.439557582,2.57730508e-05,
0.012,0.00832358593,0.430925906,0.000354362498,
0.018,0.00832358593,0.430925906,0.000354362498,
0.015,0.0,0.430986195,0.000127751501,
0.015,0.0190480731,0.428911624,0.000106485035,
0.012,0.0182825076,0.426054495,3.93717457e-05,
0.018,0.0182825076,0.426054495,3.93717457e-05,
0.015,0.0127870414,0.452278112,0.000132258086,
0.012,0.00649958108,0.451486466,0.000272260623,
0.018,0.00649958108,0.451486466,0.000272260623,
0.015,0.0,0.452278112,0.000127751501,
0.015,0.00708188949,0.473570029,0.000132258086,
0.012,0.00373244707,0.472140636,0.000150787002,
0.018,0.00373244707,0.472140636,0.000150787002,
0.015,0.0,0.473570029,0.000127751501,
0.015,0.00211465676,0.492107994,9.8044876e-05,
0.012,0.00140977118,0.489477325,3.33777698e-05,
0.018,0.00140977118,0.489477325,3.33777698e-05,
0.015,0.0,0.492107994,9.47040778e-05,
